#
# There is insufficient memory for the Java Runtime Environment to continue.
# Native memory allocation (malloc) failed to allocate 1630256 bytes. Error detail: Chunk::new
# Possible reasons:
#   The system is out of physical RAM or swap space
#   This process is running with CompressedOops enabled, and the Java Heap may be blocking the growth of the native heap
# Possible solutions:
#   Reduce memory load on the system
#   Increase physical memory or swap space
#   Check if swap backing store is full
#   Decrease Java heap size (-Xmx/-Xms)
#   Decrease number of Java threads
#   Decrease Java thread stack sizes (-Xss)
#   Set larger code cache with -XX:ReservedCodeCacheSize=
#   JVM is running with Zero Based Compressed Oops mode in which the Java heap is
#     placed in the first 32GB address space. The Java Heap base address is the
#     maximum limit for the native heap growth. Please use -XX:HeapBaseMinAddress
#     to set the Java Heap base and to place the Java Heap above 32GB virtual address.
# This output file may be truncated or incomplete.
#
#  Out of Memory Error (arena.cpp:191), pid=25752, tid=2032
#
# JRE version: OpenJDK Runtime Environment Microsoft-11369865 (17.0.15+6) (build 17.0.15+6-LTS)
# Java VM: OpenJDK 64-Bit Server VM Microsoft-11369865 (17.0.15+6-LTS, mixed mode, sharing, tiered, compressed oops, compressed class ptrs, g1 gc, windows-amd64)
# No core dump will be written. Minidumps are not enabled by default on client versions of Windows
#

---------------  S U M M A R Y ------------

Command Line: --add-opens=java.base/java.lang=ALL-UNNAMED --add-opens=java.base/java.lang.invoke=ALL-UNNAMED --add-opens=java.base/java.util=ALL-UNNAMED --add-opens=java.prefs/java.util.prefs=ALL-UNNAMED --add-exports=jdk.compiler/com.sun.tools.javac.api=ALL-UNNAMED --add-exports=jdk.compiler/com.sun.tools.javac.util=ALL-UNNAMED --add-opens=java.base/java.util=ALL-UNNAMED --add-opens=java.prefs/java.util.prefs=ALL-UNNAMED --add-opens=java.base/java.nio.charset=ALL-UNNAMED --add-opens=java.base/java.net=ALL-UNNAMED --add-opens=java.base/java.util.concurrent=ALL-UNNAMED --add-opens=java.base/java.util.concurrent.atomic=ALL-UNNAMED --add-opens=java.xml/javax.xml.namespace=ALL-UNNAMED --add-opens=java.base/java.time=ALL-UNNAMED -XX:MaxMetaspaceSize=768m -Xmx3072m -Dfile.encoding=windows-1252 -Duser.country=IN -Duser.language=en -Duser.variant -javaagent:C:\Users\sarki\.gradle\wrapper\dists\gradle-9.3.1-bin\23ovyewtku6u96viwx3xl3oks\gradle-9.3.1\lib\agents\gradle-instrumentation-agent-9.3.1.jar org.gradle.launcher.daemon.bootstrap.GradleDaemon 9.3.1

Host: 11th Gen Intel(R) Core(TM) i5-11300H @ 3.10GHz, 8 cores, 15G,  Windows 11 , 64 bit Build 26100 (10.0.26100.8875)
Time: Sat Jul 18 19:36:43 2026 India Standard Time elapsed time: 444.439839 seconds (0d 0h 7m 24s)

---------------  T H R E A D  ---------------

Current thread (0x000001e3ead281a0):  JavaThread "C2 CompilerThread1" daemon [_thread_in_native, id=2032, stack(0x000000459b100000,0x000000459b200000)]


Current CompileTask:
C2: 444440 50139       4       ksp.com.intellij.psi.stubs.StubList::addStub (139 bytes)

Stack: [0x000000459b100000,0x000000459b200000]
Native frames: (J=compiled Java code, j=interpreted, Vv=VM code, C=native code)
V  [jvm.dll+0x6887a9]
V  [jvm.dll+0x83f5a8]
V  [jvm.dll+0x841053]
V  [jvm.dll+0x8416c3]
V  [jvm.dll+0x2496ef]
V  [jvm.dll+0xad134]
V  [jvm.dll+0xad7cc]
V  [jvm.dll+0x36aedf]
V  [jvm.dll+0x335513]
V  [jvm.dll+0x3349aa]
V  [jvm.dll+0x21a908]
V  [jvm.dll+0x219d3f]
V  [jvm.dll+0x1a55f6]
V  [jvm.dll+0x22a39a]
V  [jvm.dll+0x2284db]
V  [jvm.dll+0x7f4e28]
V  [jvm.dll+0x7ef2dc]
V  [jvm.dll+0x687687]
C  [ucrtbase.dll+0x2cd30]
C  [KERNEL32.DLL+0x2e957]
C  [ntdll.dll+0xaad6c]


---------------  P R O C E S S  ---------------

Threads class SMR info:
_java_thread_list=0x000001e3f31b54b0, length=186, elements={
0x000001e397517540, 0x000001e3b7fef540, 0x000001e3b7feff10, 0x000001e3e4018730,
0x000001e3e4019000, 0x000001e3e40198d0, 0x000001e3e401c1b0, 0x000001e3e401cdb0,
0x000001e3e401f6d0, 0x000001e3e401ffe0, 0x000001e3e40dac90, 0x000001e3e41dc3d0,
0x000001e3e62b71e0, 0x000001e3e4839400, 0x000001e3e669df50, 0x000001e3e6b02010,
0x000001e3e52eccf0, 0x000001e3e59f8940, 0x000001e3e59facb0, 0x000001e3e59fa7a0,
0x000001e3e59f8430, 0x000001e3e59f8e50, 0x000001e3e59f7f20, 0x000001e3e59f9360,
0x000001e3e59f9870, 0x000001e3e59fb1c0, 0x000001e3e59f9d80, 0x000001e3e59fa290,
0x000001e3e59f7a10, 0x000001e3e7177300, 0x000001e3e71759b0, 0x000001e3e7175ec0,
0x000001e3e71768e0, 0x000001e3e7174f90, 0x000001e3e7177810, 0x000001e3e7178230,
0x000001e3e71754a0, 0x000001e3e7174a80, 0x000001e3e7178740, 0x000001e3e71763d0,
0x000001e3e7179670, 0x000001e3e717b9e0, 0x000001e3e7179160, 0x000001e3e7179b80,
0x000001e3e717a090, 0x000001e3e7178c50, 0x000001e3e717aab0, 0x000001e3e717afc0,
0x000001e3e717b4d0, 0x000001e3e50c3b30, 0x000001e3e50c3110, 0x000001e3e50c1cd0,
0x000001e3e50c4550, 0x000001e3e50c4040, 0x000001e3e50c0da0, 0x000001e3e50c17c0,
0x000001e3e50c3620, 0x000001e3e50c4a60, 0x000001e3e50c26f0, 0x000001e3e50c12b0,
0x000001e3e50c2c00, 0x000001e3e50c4f70, 0x000001e3e50c5480, 0x000001e3e50c21e0,
0x000001e3e50c77f0, 0x000001e3e50c8210, 0x000001e3e50c7d00, 0x000001e3e50c63b0,
0x000001e3e50c68c0, 0x000001e3e69d8b50, 0x000001e3e69d9570, 0x000001e3e69d7c20,
0x000001e3e69d6cf0, 0x000001e3e69d7200, 0x000001e3e69d9060, 0x000001e3e69d8130,
0x000001e3e69d8640, 0x000001e3e69d9a80, 0x000001e3e69d62d0, 0x000001e3e69d9f90,
0x000001e3e69d67e0, 0x000001e3e69dc300, 0x000001e3e69dc810, 0x000001e3e69da4a0,
0x000001e3e69daec0, 0x000001e3e69da9b0, 0x000001e3e69dd740, 0x000001e3e69dd230,
0x000001e3e69db8e0, 0x000001e3e69dbdf0, 0x000001e3e69dcd20, 0x000001e3e69db3d0,
0x000001e3e4a5d6f0, 0x000001e3e4a5c7c0, 0x000001e3e4a5c2b0, 0x000001e3e4a5e620,
0x000001e3e4a5b890, 0x000001e3e4a5ccd0, 0x000001e3e4a5eb30, 0x000001e3e4a5d1e0,
0x000001e3e4a5b380, 0x000001e3e4a5f040, 0x000001e3e4a5f550, 0x000001e3e4a613b0,
0x000001e3e4a5fa60, 0x000001e3e4a60ea0, 0x000001e3e4a618c0, 0x000001e3e4a5ff70,
0x000001e3e4a60480, 0x000001e3e4a60990, 0x000001e3e4a61dd0, 0x000001e3e7774b90,
0x000001e3e77750a0, 0x000001e3e77769f0, 0x000001e3e7777410, 0x000001e3e77755b0,
0x000001e3e7775ac0, 0x000001e3e7775fd0, 0x000001e3e77764e0, 0x000001e3e7776f00,
0x000001e3e7773c60, 0x000001e3e7774170, 0x000001e3e7774680, 0x000001e3e4f88460,
0x000001e3e4f87020, 0x000001e3e4f856d0, 0x000001e3e4f860f0, 0x000001e3e4f87a40,
0x000001e3e4f87530, 0x000001e3e4f86b10, 0x000001e3e4f86600, 0x000001e3e4f87f50,
0x000001e3e4f851c0, 0x000001e3e4f88e80, 0x000001e3e4f89390, 0x000001e3e4f89db0,
0x000001e3e4f8c120, 0x000001e3e4f8cb40, 0x000001e3e726fff0, 0x000001e3e7270a10,
0x000001e3e726f0c0, 0x000001e3e7272d80, 0x000001e3e72737a0, 0x000001e3e7276530,
0x000001e3e7272870, 0x000001e3e7276a40, 0x000001e3eacb7590, 0x000001e3e7274be0,
0x000001e3e7271430, 0x000001e3e4f8c630, 0x000001e3e4f898a0, 0x000001e3eacb6660,
0x000001e3e97142d0, 0x000001e3e9717060, 0x000001e3e9717a80, 0x000001e3e9717570,
0x000001e3e9717f90, 0x000001e3eacb2eb0, 0x000001e3e9718ec0, 0x000001e3e4a5ae70,
0x000001e3f3afc1a0, 0x000001e3f3afc6b0, 0x000001e3f3afbc90, 0x000001e3f3afa850,
0x000001e3f3afad60, 0x000001e3f3afd0d0, 0x000001e3f3afe510, 0x000001e3f3aff440,
0x000001e3f3b03b20, 0x000001e3f3b068b0, 0x000001e3f3b05e90, 0x000001e3f3b05470,
0x000001e3f3b06dc0, 0x000001e3f3b077e0, 0x000001e3f3b08200, 0x000001e3f3b08710,
0x000001e3e726fae0, 0x000001e3e72750f0, 0x000001e3e9711540, 0x000001e3e9711f60,
0x000001e3e97138b0, 0x000001e3eacb5730, 0x000001e3eacb1f80, 0x000001e3f3afe000,
0x000001e3f3b04540, 0x000001e3ead281a0
}

Java Threads: ( => current thread )
  0x000001e397517540 JavaThread "main" [_thread_blocked, id=27100, stack(0x0000004593800000,0x0000004593900000)]
  0x000001e3b7fef540 JavaThread "Reference Handler" daemon [_thread_blocked, id=9980, stack(0x0000004594000000,0x0000004594100000)]
  0x000001e3b7feff10 JavaThread "Finalizer" daemon [_thread_blocked, id=25108, stack(0x0000004594100000,0x0000004594200000)]
  0x000001e3e4018730 JavaThread "Signal Dispatcher" daemon [_thread_blocked, id=28020, stack(0x0000004594200000,0x0000004594300000)]
  0x000001e3e4019000 JavaThread "Attach Listener" daemon [_thread_blocked, id=22060, stack(0x0000004594300000,0x0000004594400000)]
  0x000001e3e40198d0 JavaThread "Service Thread" daemon [_thread_blocked, id=340, stack(0x0000004594400000,0x0000004594500000)]
  0x000001e3e401c1b0 JavaThread "Monitor Deflation Thread" daemon [_thread_blocked, id=11212, stack(0x0000004594500000,0x0000004594600000)]
  0x000001e3e401cdb0 JavaThread "C2 CompilerThread0" daemon [_thread_in_native, id=17096, stack(0x0000004594600000,0x0000004594700000)]
  0x000001e3e401f6d0 JavaThread "C1 CompilerThread0" daemon [_thread_blocked, id=28004, stack(0x0000004594700000,0x0000004594800000)]
  0x000001e3e401ffe0 JavaThread "Sweeper thread" daemon [_thread_in_vm, id=11824, stack(0x0000004594800000,0x0000004594900000)]
  0x000001e3e40dac90 JavaThread "Common-Cleaner" daemon [_thread_blocked, id=29716, stack(0x0000004594900000,0x0000004594a00000)]
  0x000001e3e41dc3d0 JavaThread "Notification Thread" daemon [_thread_blocked, id=22736, stack(0x0000004594a00000,0x0000004594b00000)]
  0x000001e3e62b71e0 JavaThread "Daemon health stats" [_thread_blocked, id=17932, stack(0x0000004595200000,0x0000004595300000)]
  0x000001e3e4839400 JavaThread "Incoming local TCP Connector on port 52117" [_thread_in_native, id=19176, stack(0x0000004594c00000,0x0000004594d00000)]
  0x000001e3e669df50 JavaThread "Daemon periodic checks" [_thread_blocked, id=22824, stack(0x0000004595400000,0x0000004595500000)]
  0x000001e3e6b02010 JavaThread "Daemon" [_thread_blocked, id=27868, stack(0x0000004595500000,0x0000004595600000)]
  0x000001e3e52eccf0 JavaThread "Handler for socket connection from /127.0.0.1:52117 to /127.0.0.1:52118" [_thread_in_native, id=30456, stack(0x0000004595600000,0x0000004595700000)]
  0x000001e3e59f8940 JavaThread "Cancel handler" [_thread_blocked, id=1716, stack(0x0000004595300000,0x0000004595400000)]
  0x000001e3e59facb0 JavaThread "Daemon worker" [_thread_blocked, id=19348, stack(0x0000004595700000,0x0000004595800000)]
  0x000001e3e59fa7a0 JavaThread "Asynchronous log dispatcher for DefaultDaemonConnection: socket connection from /127.0.0.1:52117 to /127.0.0.1:52118" [_thread_blocked, id=2876, stack(0x0000004595800000,0x0000004595900000)]
  0x000001e3e59f8430 JavaThread "Stdin handler" [_thread_blocked, id=29276, stack(0x0000004595900000,0x0000004595a00000)]
  0x000001e3e59f8e50 JavaThread "Daemon client event forwarder" [_thread_blocked, id=23156, stack(0x0000004595a00000,0x0000004595b00000)]
  0x000001e3e59f7f20 JavaThread "Cache worker for journal cache (C:\Users\sarki\.gradle\caches\journal-1)" [_thread_blocked, id=25388, stack(0x0000004595f00000,0x0000004596000000)]
  0x000001e3e59f9360 JavaThread "File lock request listener" [_thread_in_native, id=25680, stack(0x0000004596000000,0x0000004596100000)]
  0x000001e3e59f9870 JavaThread "Cache worker for file hash cache (C:\Users\sarki\.gradle\caches\9.3.1\fileHashes)" [_thread_blocked, id=5232, stack(0x0000004596100000,0x0000004596200000)]
  0x000001e3e59fb1c0 JavaThread "Cache worker for file hash cache (D:\Personal\ExpenseFlow\android\.gradle\9.3.1\fileHashes)" [_thread_blocked, id=18000, stack(0x0000004596400000,0x0000004596500000)]
  0x000001e3e59f9d80 JavaThread "Cache worker for Build Output Cleanup Cache (D:\Personal\ExpenseFlow\android\.gradle\buildOutputCleanup)" [_thread_blocked, id=22672, stack(0x0000004596500000,0x0000004596600000)]
  0x000001e3e59fa290 JavaThread "File watcher server" daemon [_thread_in_native, id=27956, stack(0x0000004596600000,0x0000004596700000)]
  0x000001e3e59f7a10 JavaThread "File watcher consumer" daemon [_thread_blocked, id=31216, stack(0x0000004596700000,0x0000004596800000)]
  0x000001e3e7177300 JavaThread "Cache worker for checksums cache (D:\Personal\ExpenseFlow\android\.gradle\9.3.1\checksums)" [_thread_blocked, id=20692, stack(0x0000004596300000,0x0000004596400000)]
  0x000001e3e71759b0 JavaThread "Cache worker for file content cache (C:\Users\sarki\.gradle\caches\9.3.1\fileContent)" [_thread_blocked, id=30452, stack(0x0000004596800000,0x0000004596900000)]
  0x000001e3e7175ec0 JavaThread "Cache worker for cache directory md-supplier (C:\Users\sarki\.gradle\caches\9.3.1\md-supplier)" [_thread_blocked, id=10548, stack(0x0000004596a00000,0x0000004596b00000)]
  0x000001e3e71768e0 JavaThread "Cache worker for cache directory md-rule (C:\Users\sarki\.gradle\caches\9.3.1\md-rule)" [_thread_blocked, id=12692, stack(0x0000004596b00000,0x0000004596c00000)]
  0x000001e3e7174f90 JavaThread "jar transforms" [_thread_blocked, id=19784, stack(0x0000004596900000,0x0000004596a00000)]
  0x000001e3e7177810 JavaThread "Cache worker for Build Output Cleanup Cache (D:\Personal\ExpenseFlow\node_modules\@react-native\gradle-plugin\.gradle\buildOutputCleanup)" [_thread_blocked, id=29136, stack(0x0000004597100000,0x0000004597200000)]
  0x000001e3e7178230 JavaThread "Unconstrained build operations" [_thread_blocked, id=4744, stack(0x0000004596d00000,0x0000004596e00000)]
  0x000001e3e71754a0 JavaThread "Unconstrained build operations Thread 2" [_thread_blocked, id=28104, stack(0x0000004597200000,0x0000004597300000)]
  0x000001e3e7174a80 JavaThread "Unconstrained build operations Thread 3" [_thread_blocked, id=28224, stack(0x0000004597300000,0x0000004597400000)]
  0x000001e3e7178740 JavaThread "Unconstrained build operations Thread 4" [_thread_blocked, id=28720, stack(0x0000004597400000,0x0000004597500000)]
  0x000001e3e71763d0 JavaThread "Unconstrained build operations Thread 5" [_thread_blocked, id=27704, stack(0x0000004597500000,0x0000004597600000)]
  0x000001e3e7179670 JavaThread "Unconstrained build operations Thread 6" [_thread_blocked, id=15600, stack(0x0000004597600000,0x0000004597700000)]
  0x000001e3e717b9e0 JavaThread "Cache worker for Build Output Cleanup Cache (D:\Personal\ExpenseFlow\node_modules\expo-modules-autolinking\android\expo-gradle-plugin\.gradle\buildOutputCleanup)" [_thread_blocked, id=30696, stack(0x0000004596c00000,0x0000004596d00000)]
  0x000001e3e7179160 JavaThread "Unconstrained build operations Thread 7" [_thread_blocked, id=29620, stack(0x0000004597900000,0x0000004597a00000)]
  0x000001e3e7179b80 JavaThread "Unconstrained build operations Thread 8" [_thread_blocked, id=26128, stack(0x0000004597a00000,0x0000004597b00000)]
  0x000001e3e717a090 JavaThread "Unconstrained build operations Thread 9" [_thread_blocked, id=12660, stack(0x0000004597b00000,0x0000004597c00000)]
  0x000001e3e7178c50 JavaThread "Unconstrained build operations Thread 10" [_thread_blocked, id=1932, stack(0x0000004597c00000,0x0000004597d00000)]
  0x000001e3e717aab0 JavaThread "Unconstrained build operations Thread 11" [_thread_blocked, id=13524, stack(0x0000004597d00000,0x0000004597e00000)]
  0x000001e3e717afc0 JavaThread "Unconstrained build operations Thread 12" [_thread_blocked, id=23064, stack(0x0000004597e00000,0x0000004597f00000)]
  0x000001e3e717b4d0 JavaThread "Unconstrained build operations Thread 13" [_thread_blocked, id=25968, stack(0x0000004597f00000,0x0000004598000000)]
  0x000001e3e50c3b30 JavaThread "Unconstrained build operations Thread 14" [_thread_blocked, id=11520, stack(0x0000004598000000,0x0000004598100000)]
  0x000001e3e50c3110 JavaThread "Unconstrained build operations Thread 15" [_thread_blocked, id=31000, stack(0x0000004598100000,0x0000004598200000)]
  0x000001e3e50c1cd0 JavaThread "Unconstrained build operations Thread 16" [_thread_blocked, id=22460, stack(0x0000004598200000,0x0000004598300000)]
  0x000001e3e50c4550 JavaThread "Unconstrained build operations Thread 17" [_thread_blocked, id=26052, stack(0x0000004598300000,0x0000004598400000)]
  0x000001e3e50c4040 JavaThread "Unconstrained build operations Thread 18" [_thread_blocked, id=24428, stack(0x0000004598400000,0x0000004598500000)]
  0x000001e3e50c0da0 JavaThread "Unconstrained build operations Thread 19" [_thread_blocked, id=12656, stack(0x0000004598500000,0x0000004598600000)]
  0x000001e3e50c17c0 JavaThread "Unconstrained build operations Thread 20" [_thread_blocked, id=8636, stack(0x0000004598600000,0x0000004598700000)]
  0x000001e3e50c3620 JavaThread "Unconstrained build operations Thread 21" [_thread_blocked, id=12676, stack(0x0000004598700000,0x0000004598800000)]
  0x000001e3e50c4a60 JavaThread "Unconstrained build operations Thread 22" [_thread_blocked, id=10216, stack(0x0000004598800000,0x0000004598900000)]
  0x000001e3e50c26f0 JavaThread "Unconstrained build operations Thread 23" [_thread_blocked, id=26784, stack(0x0000004598900000,0x0000004598a00000)]
  0x000001e3e50c12b0 JavaThread "Unconstrained build operations Thread 24" [_thread_blocked, id=31288, stack(0x0000004598a00000,0x0000004598b00000)]
  0x000001e3e50c2c00 JavaThread "Unconstrained build operations Thread 25" [_thread_blocked, id=19880, stack(0x0000004598b00000,0x0000004598c00000)]
  0x000001e3e50c4f70 JavaThread "Unconstrained build operations Thread 26" [_thread_blocked, id=21852, stack(0x0000004598c00000,0x0000004598d00000)]
  0x000001e3e50c5480 JavaThread "Unconstrained build operations Thread 27" [_thread_blocked, id=9048, stack(0x0000004598d00000,0x0000004598e00000)]
  0x000001e3e50c21e0 JavaThread "build event listener" [_thread_blocked, id=22152, stack(0x0000004597800000,0x0000004597900000)]
  0x000001e3e50c77f0 JavaThread "Memory manager" [_thread_blocked, id=18948, stack(0x0000004597700000,0x0000004597800000)]
  0x000001e3e50c8210 JavaThread "Problems report writer" [_thread_blocked, id=15656, stack(0x0000004598f00000,0x0000004599000000)]
  0x000001e3e50c7d00 JavaThread "Unconstrained build operations Thread 28" [_thread_blocked, id=20560, stack(0x0000004599000000,0x0000004599100000)]
  0x000001e3e50c63b0 JavaThread "Unconstrained build operations Thread 29" [_thread_blocked, id=26036, stack(0x0000004599100000,0x0000004599200000)]
  0x000001e3e50c68c0 JavaThread "Unconstrained build operations Thread 30" [_thread_blocked, id=24620, stack(0x0000004599200000,0x0000004599300000)]
  0x000001e3e69d8b50 JavaThread "Unconstrained build operations Thread 31" [_thread_blocked, id=25948, stack(0x0000004599300000,0x0000004599400000)]
  0x000001e3e69d9570 JavaThread "Unconstrained build operations Thread 32" [_thread_blocked, id=25876, stack(0x0000004599400000,0x0000004599500000)]
  0x000001e3e69d7c20 JavaThread "Unconstrained build operations Thread 33" [_thread_blocked, id=23240, stack(0x0000004599500000,0x0000004599600000)]
  0x000001e3e69d6cf0 JavaThread "Unconstrained build operations Thread 34" [_thread_blocked, id=19444, stack(0x0000004599600000,0x0000004599700000)]
  0x000001e3e69d7200 JavaThread "build event listener" [_thread_blocked, id=15400, stack(0x0000004599800000,0x0000004599900000)]
  0x000001e3e69d9060 JavaThread "Unconstrained build operations Thread 35" [_thread_blocked, id=18212, stack(0x0000004599900000,0x0000004599a00000)]
  0x000001e3e69d8130 JavaThread "Unconstrained build operations Thread 36" [_thread_blocked, id=20092, stack(0x0000004599a00000,0x0000004599b00000)]
  0x000001e3e69d8640 JavaThread "Unconstrained build operations Thread 37" [_thread_blocked, id=7028, stack(0x0000004599b00000,0x0000004599c00000)]
  0x000001e3e69d9a80 JavaThread "Unconstrained build operations Thread 38" [_thread_blocked, id=15924, stack(0x0000004599c00000,0x0000004599d00000)]
  0x000001e3e69d62d0 JavaThread "Unconstrained build operations Thread 39" [_thread_blocked, id=20780, stack(0x0000004599d00000,0x0000004599e00000)]
  0x000001e3e69d9f90 JavaThread "Unconstrained build operations Thread 40" [_thread_blocked, id=7272, stack(0x0000004599e00000,0x0000004599f00000)]
  0x000001e3e69d67e0 JavaThread "Unconstrained build operations Thread 41" [_thread_blocked, id=15692, stack(0x0000004599f00000,0x000000459a000000)]
  0x000001e3e69dc300 JavaThread "Unconstrained build operations Thread 42" [_thread_blocked, id=29432, stack(0x000000459a000000,0x000000459a100000)]
  0x000001e3e69dc810 JavaThread "Unconstrained build operations Thread 43" [_thread_blocked, id=24760, stack(0x000000459a100000,0x000000459a200000)]
  0x000001e3e69da4a0 JavaThread "Unconstrained build operations Thread 44" [_thread_blocked, id=30276, stack(0x000000459a200000,0x000000459a300000)]
  0x000001e3e69daec0 JavaThread "Unconstrained build operations Thread 45" [_thread_blocked, id=31500, stack(0x000000459a300000,0x000000459a400000)]
  0x000001e3e69da9b0 JavaThread "Unconstrained build operations Thread 46" [_thread_blocked, id=31652, stack(0x000000459a400000,0x000000459a500000)]
  0x000001e3e69dd740 JavaThread "Unconstrained build operations Thread 47" [_thread_blocked, id=26644, stack(0x000000459a500000,0x000000459a600000)]
  0x000001e3e69dd230 JavaThread "Unconstrained build operations Thread 48" [_thread_blocked, id=21448, stack(0x000000459a600000,0x000000459a700000)]
  0x000001e3e69db8e0 JavaThread "Unconstrained build operations Thread 49" [_thread_blocked, id=30260, stack(0x000000459a700000,0x000000459a800000)]
  0x000001e3e69dbdf0 JavaThread "Unconstrained build operations Thread 50" [_thread_blocked, id=24424, stack(0x000000459a800000,0x000000459a900000)]
  0x000001e3e69dcd20 JavaThread "Unconstrained build operations Thread 51" [_thread_blocked, id=2564, stack(0x000000459a900000,0x000000459aa00000)]
  0x000001e3e69db3d0 JavaThread "Unconstrained build operations Thread 52" [_thread_blocked, id=27512, stack(0x000000459aa00000,0x000000459ab00000)]
  0x000001e3e4a5d6f0 JavaThread "Unconstrained build operations Thread 53" [_thread_blocked, id=11160, stack(0x000000459ab00000,0x000000459ac00000)]
  0x000001e3e4a5c7c0 JavaThread "Unconstrained build operations Thread 54" [_thread_blocked, id=28488, stack(0x000000459ac00000,0x000000459ad00000)]
  0x000001e3e4a5c2b0 JavaThread "Unconstrained build operations Thread 55" [_thread_blocked, id=21796, stack(0x000000459ad00000,0x000000459ae00000)]
  0x000001e3e4a5e620 JavaThread "ForkJoinPool.commonPool-worker-5" daemon [_thread_blocked, id=28112, stack(0x000000459b200000,0x000000459b300000)]
  0x000001e3e4a5b890 JavaThread "ForkJoinPool.commonPool-worker-6" daemon [_thread_blocked, id=3144, stack(0x000000459b300000,0x000000459b400000)]
  0x000001e3e4a5ccd0 JavaThread "included builds Thread 2" [_thread_blocked, id=20048, stack(0x000000459b600000,0x000000459b700000)]
  0x000001e3e4a5eb30 JavaThread "Execution worker" [_thread_blocked, id=23356, stack(0x000000459b700000,0x000000459b800000)]
  0x000001e3e4a5d1e0 JavaThread "Execution worker Thread 2" [_thread_blocked, id=31260, stack(0x000000459b800000,0x000000459b900000)]
  0x000001e3e4a5b380 JavaThread "Execution worker Thread 3" [_thread_in_native, id=18596, stack(0x000000459b900000,0x000000459ba00000)]
  0x000001e3e4a5f040 JavaThread "Execution worker Thread 4" [_thread_blocked, id=100, stack(0x000000459ba00000,0x000000459bb00000)]
  0x000001e3e4a5f550 JavaThread "Execution worker Thread 5" [_thread_blocked, id=20720, stack(0x000000459bb00000,0x000000459bc00000)]
  0x000001e3e4a613b0 JavaThread "Execution worker Thread 6" [_thread_blocked, id=20240, stack(0x000000459bc00000,0x000000459bd00000)]
  0x000001e3e4a5fa60 JavaThread "Execution worker Thread 7" [_thread_blocked, id=2528, stack(0x000000459bd00000,0x000000459be00000)]
  0x000001e3e4a60ea0 JavaThread "Cache worker for execution history cache (D:\Personal\ExpenseFlow\node_modules\@react-native\gradle-plugin\.gradle\9.3.1\executionHistory)" [_thread_blocked, id=9472, stack(0x000000459be00000,0x000000459bf00000)]
  0x000001e3e4a618c0 JavaThread "Cache worker for execution history cache (D:\Personal\ExpenseFlow\node_modules\expo-modules-autolinking\android\expo-gradle-plugin\.gradle\9.3.1\executionHistory)" [_thread_blocked, id=25444, stack(0x000000459bf00000,0x000000459c000000)]
  0x000001e3e4a5ff70 JavaThread "Unconstrained build operations Thread 56" [_thread_blocked, id=15304, stack(0x000000459c000000,0x000000459c100000)]
  0x000001e3e4a60480 JavaThread "Unconstrained build operations Thread 57" [_thread_blocked, id=26760, stack(0x000000459c100000,0x000000459c200000)]
  0x000001e3e4a60990 JavaThread "Unconstrained build operations Thread 58" [_thread_blocked, id=28988, stack(0x000000459c200000,0x000000459c300000)]
  0x000001e3e4a61dd0 JavaThread "Unconstrained build operations Thread 59" [_thread_blocked, id=21568, stack(0x000000459c300000,0x000000459c400000)]
  0x000001e3e7774b90 JavaThread "Unconstrained build operations Thread 60" [_thread_blocked, id=7972, stack(0x000000459c400000,0x000000459c500000)]
  0x000001e3e77750a0 JavaThread "Unconstrained build operations Thread 61" [_thread_blocked, id=23144, stack(0x000000459c500000,0x000000459c600000)]
  0x000001e3e77769f0 JavaThread "Unconstrained build operations Thread 62" [_thread_blocked, id=11068, stack(0x000000459c600000,0x000000459c700000)]
  0x000001e3e7777410 JavaThread "Unconstrained build operations Thread 63" [_thread_blocked, id=12108, stack(0x000000459c700000,0x000000459c800000)]
  0x000001e3e77755b0 JavaThread "Unconstrained build operations Thread 64" [_thread_blocked, id=17728, stack(0x000000459c800000,0x000000459c900000)]
  0x000001e3e7775ac0 JavaThread "Unconstrained build operations Thread 65" [_thread_blocked, id=18820, stack(0x000000459c900000,0x000000459ca00000)]
  0x000001e3e7775fd0 JavaThread "Unconstrained build operations Thread 66" [_thread_blocked, id=30668, stack(0x000000459ca00000,0x000000459cb00000)]
  0x000001e3e77764e0 JavaThread "Unconstrained build operations Thread 67" [_thread_blocked, id=23724, stack(0x000000459cb00000,0x000000459cc00000)]
  0x000001e3e7776f00 JavaThread "Unconstrained build operations Thread 68" [_thread_blocked, id=24504, stack(0x000000459cc00000,0x000000459cd00000)]
  0x000001e3e7773c60 JavaThread "Unconstrained build operations Thread 69" [_thread_blocked, id=26300, stack(0x000000459cd00000,0x000000459ce00000)]
  0x000001e3e7774170 JavaThread "Unconstrained build operations Thread 70" [_thread_blocked, id=27656, stack(0x000000459ce00000,0x000000459cf00000)]
  0x000001e3e7774680 JavaThread "Unconstrained build operations Thread 71" [_thread_blocked, id=23296, stack(0x000000459cf00000,0x000000459d000000)]
  0x000001e3e4f88460 JavaThread "Unconstrained build operations Thread 72" [_thread_blocked, id=19656, stack(0x000000459d000000,0x000000459d100000)]
  0x000001e3e4f87020 JavaThread "Unconstrained build operations Thread 73" [_thread_blocked, id=21252, stack(0x000000459d100000,0x000000459d200000)]
  0x000001e3e4f856d0 JavaThread "Unconstrained build operations Thread 74" [_thread_blocked, id=25912, stack(0x000000459d200000,0x000000459d300000)]
  0x000001e3e4f860f0 JavaThread "Unconstrained build operations Thread 75" [_thread_blocked, id=30024, stack(0x000000459d300000,0x000000459d400000)]
  0x000001e3e4f87a40 JavaThread "Unconstrained build operations Thread 76" [_thread_blocked, id=6168, stack(0x000000459d400000,0x000000459d500000)]
  0x000001e3e4f87530 JavaThread "Unconstrained build operations Thread 77" [_thread_blocked, id=29496, stack(0x000000459d500000,0x000000459d600000)]
  0x000001e3e4f86b10 JavaThread "Unconstrained build operations Thread 78" [_thread_blocked, id=29876, stack(0x000000459d600000,0x000000459d700000)]
  0x000001e3e4f86600 JavaThread "Unconstrained build operations Thread 79" [_thread_blocked, id=14984, stack(0x000000459d700000,0x000000459d800000)]
  0x000001e3e4f87f50 JavaThread "Unconstrained build operations Thread 80" [_thread_blocked, id=25144, stack(0x000000459d800000,0x000000459d900000)]
  0x000001e3e4f851c0 JavaThread "jar transforms Thread 2" [_thread_blocked, id=15144, stack(0x0000004598e00000,0x0000004598f00000)]
  0x000001e3e4f88e80 JavaThread "Cache worker for Build Output Cleanup Cache (D:\Personal\ExpenseFlow\node_modules\expo-modules-core\expo-module-gradle-plugin\.gradle\buildOutputCleanup)" [_thread_blocked, id=12260, stack(0x000000459db00000,0x000000459dc00000)]
  0x000001e3e4f89390 JavaThread "Cache worker for Build Output Cleanup Cache (D:\Personal\ExpenseFlow\node_modules\expo-updates\expo-updates-gradle-plugin\.gradle\buildOutputCleanup)" [_thread_blocked, id=29592, stack(0x000000459dc00000,0x000000459dd00000)]
  0x000001e3e4f89db0 JavaThread "build event listener" [_thread_blocked, id=21068, stack(0x000000459de00000,0x000000459df00000)]
  0x000001e3e4f8c120 JavaThread "build event listener" [_thread_blocked, id=24872, stack(0x000000459dd00000,0x000000459de00000)]
  0x000001e3e4f8cb40 JavaThread "jar transforms Thread 3" [_thread_blocked, id=25396, stack(0x000000459df00000,0x000000459e000000)]
  0x000001e3e726fff0 JavaThread "Cache worker for execution history cache (D:\Personal\ExpenseFlow\node_modules\expo-modules-core\expo-module-gradle-plugin\.gradle\9.3.1\executionHistory)" [_thread_blocked, id=21708, stack(0x000000459e300000,0x000000459e400000)]
  0x000001e3e7270a10 JavaThread "Cache worker for execution history cache (D:\Personal\ExpenseFlow\node_modules\expo-updates\expo-updates-gradle-plugin\.gradle\9.3.1\executionHistory)" [_thread_blocked, id=25516, stack(0x000000459e400000,0x000000459e500000)]
  0x000001e3e726f0c0 JavaThread "jar transforms Thread 4" [_thread_blocked, id=15364, stack(0x000000459e500000,0x000000459e600000)]
  0x000001e3e7272d80 JavaThread "jar transforms Thread 5" [_thread_blocked, id=27080, stack(0x000000459e700000,0x000000459e800000)]
  0x000001e3e72737a0 JavaThread "jar transforms Thread 6" [_thread_blocked, id=25064, stack(0x000000459e800000,0x000000459e900000)]
  0x000001e3e7276530 JavaThread "build event listener" [_thread_blocked, id=27456, stack(0x000000459eb00000,0x000000459ec00000)]
  0x000001e3e7272870 JavaThread "jar transforms Thread 7" [_thread_blocked, id=20752, stack(0x000000459ec00000,0x000000459ed00000)]
  0x000001e3e7276a40 JavaThread "jar transforms Thread 8" [_thread_blocked, id=30596, stack(0x000000459ed00000,0x000000459ee00000)]
  0x000001e3eacb7590 JavaThread "Cache worker for execution history cache (D:\Personal\ExpenseFlow\android\.gradle\9.3.1\executionHistory)" [_thread_blocked, id=8600, stack(0x0000004593900000,0x0000004593a00000)]
  0x000001e3e7274be0 JavaThread "WorkerExecutor Queue" [_thread_in_vm, id=27412, stack(0x0000004593600000,0x0000004593700000)]
  0x000001e3e7271430 JavaThread "WorkerExecutor Queue Thread 2" [_thread_blocked, id=30524, stack(0x0000004593700000,0x0000004593800000)]
  0x000001e3e4f8c630 JavaThread "WorkerExecutor Queue Thread 4" [_thread_blocked, id=11840, stack(0x000000459e200000,0x000000459e300000)]
  0x000001e3e4f898a0 JavaThread "WorkerExecutor Queue Thread 5" [_thread_blocked, id=29416, stack(0x000000459ee00000,0x000000459ef00000)]
  0x000001e3eacb6660 JavaThread "WorkerExecutor Queue Thread 6" [_thread_blocked, id=8428, stack(0x000000459ef00000,0x000000459f000000)]
  0x000001e3e97142d0 JavaThread "WorkerExecutor Queue Thread 9" [_thread_blocked, id=28192, stack(0x000000459f100000,0x000000459f200000)]
  0x000001e3e9717060 JavaThread "RMI Scheduler(0)" daemon [_thread_blocked, id=14648, stack(0x0000004596f00000,0x0000004597000000)]
  0x000001e3e9717a80 JavaThread "RMI GC Daemon" daemon [_thread_blocked, id=2380, stack(0x000000459b400000,0x000000459b500000)]
  0x000001e3e9717570 JavaThread "RMI TCP Accept-0" daemon [_thread_in_native, id=17940, stack(0x000000459f200000,0x000000459f300000)]
  0x000001e3e9717f90 JavaThread "RMI Reaper" [_thread_blocked, id=5748, stack(0x000000459f300000,0x000000459f400000)]
  0x000001e3eacb2eb0 JavaThread "Cache worker for Java compile cache (C:\Users\sarki\.gradle\caches\9.3.1\javaCompile)" [_thread_blocked, id=1296, stack(0x000000459e100000,0x000000459e200000)]
  0x000001e3e9718ec0 JavaThread "Build operations" [_thread_blocked, id=30208, stack(0x000000459ea00000,0x000000459eb00000)]
  0x000001e3e4a5ae70 JavaThread "Build operations Thread 2" [_thread_blocked, id=28792, stack(0x000000459f800000,0x000000459f900000)]
  0x000001e3f3afc1a0 JavaThread "Build operations Thread 3" [_thread_blocked, id=17876, stack(0x000000459f900000,0x000000459fa00000)]
  0x000001e3f3afc6b0 JavaThread "Build operations Thread 4" [_thread_blocked, id=27588, stack(0x0000004596e00000,0x0000004596f00000)]
  0x000001e3f3afbc90 JavaThread "Build operations Thread 5" [_thread_blocked, id=15660, stack(0x000000459fa00000,0x000000459fb00000)]
  0x000001e3f3afa850 JavaThread "Build operations Thread 6" [_thread_blocked, id=20428, stack(0x000000459fb00000,0x000000459fc00000)]
  0x000001e3f3afad60 JavaThread "Build operations Thread 7" [_thread_blocked, id=3128, stack(0x000000459fc00000,0x000000459fd00000)]
  0x000001e3f3afd0d0 JavaThread "Build operations Thread 8" [_thread_blocked, id=2456, stack(0x000000459fd00000,0x000000459fe00000)]
  0x000001e3f3afe510 JavaThread "WorkerExecutor Queue Thread 11" [_thread_blocked, id=26224, stack(0x00000045a0400000,0x00000045a0500000)]
  0x000001e3f3aff440 JavaThread "WorkerExecutor Queue Thread 13" [_thread_blocked, id=7352, stack(0x000000459da00000,0x000000459db00000)]
  0x000001e3f3b03b20 JavaThread "RMI TCP Connection(idle)" daemon [_thread_blocked, id=20676, stack(0x00000045a0100000,0x00000045a0200000)]
  0x000001e3f3b068b0 JavaThread "RMI TCP Connection(idle)" daemon [_thread_blocked, id=5184, stack(0x000000459b000000,0x000000459b100000)]
  0x000001e3f3b05e90 JavaThread "ForkJoinPool-1-worker-1" daemon [_thread_blocked, id=29708, stack(0x000000459af00000,0x000000459b000000)]
  0x000001e3f3b05470 JavaThread "ForkJoinPool-1-worker-2" daemon [_thread_blocked, id=12184, stack(0x000000459e000000,0x000000459e100000)]
  0x000001e3f3b06dc0 JavaThread "ForkJoinPool-1-worker-3" daemon [_thread_blocked, id=29932, stack(0x000000459e600000,0x000000459e700000)]
  0x000001e3f3b077e0 JavaThread "ForkJoinPool-1-worker-4" daemon [_thread_blocked, id=29628, stack(0x000000459e900000,0x000000459ea00000)]
  0x000001e3f3b08200 JavaThread "ForkJoinPool-1-worker-5" daemon [_thread_blocked, id=28300, stack(0x000000459fe00000,0x000000459ff00000)]
  0x000001e3f3b08710 JavaThread "ForkJoinPool-1-worker-6" daemon [_thread_blocked, id=24140, stack(0x000000459ff00000,0x00000045a0000000)]
  0x000001e3e726fae0 JavaThread "ForkJoinPool-1-worker-7" daemon [_thread_blocked, id=24268, stack(0x00000045a0200000,0x00000045a0300000)]
  0x000001e3e72750f0 JavaThread "ForkJoinPool-1-worker-8" daemon [_thread_blocked, id=3316, stack(0x00000045a0300000,0x00000045a0400000)]
  0x000001e3e9711540 JavaThread "Exec process Thread 7" [_thread_in_native, id=26932, stack(0x00000045a0a00000,0x00000045a0b00000)]
  0x000001e3e9711f60 JavaThread "Exec process Thread 8" [_thread_in_native, id=10992, stack(0x00000045a0b00000,0x00000045a0c00000)]
  0x000001e3e97138b0 JavaThread "Exec process Thread 9" [_thread_in_native, id=2760, stack(0x00000045a0c00000,0x00000045a0d00000)]
  0x000001e3eacb5730 JavaThread "Periodic tasks thread" daemon [_thread_blocked, id=25276, stack(0x0000004597000000,0x0000004597100000)]
  0x000001e3eacb1f80 JavaThread "ApplicationImpl pooled thread 1" daemon [_thread_blocked, id=24900, stack(0x000000459ae00000,0x000000459af00000)]
  0x000001e3f3afe000 JavaThread "Java2D Disposer" daemon [_thread_blocked, id=22376, stack(0x0000004599700000,0x0000004599800000)]
  0x000001e3f3b04540 JavaThread "AWT-Windows" daemon [_thread_in_native, id=24680, stack(0x000000459f000000,0x000000459f100000)]
=>0x000001e3ead281a0 JavaThread "C2 CompilerThread1" daemon [_thread_in_native, id=2032, stack(0x000000459b100000,0x000000459b200000)]

Other Threads:
  0x000001e3b7fea9b0 VMThread "VM Thread" [stack: 0x0000004593f00000,0x0000004594000000] [id=23840]
  0x000001e3e41dc8b0 WatcherThread [stack: 0x0000004594b00000,0x0000004594c00000] [id=19816]
  0x000001e39756efd0 GCTaskThread "GC Thread#0" [stack: 0x0000004593a00000,0x0000004593b00000] [id=24824]
  0x000001e3e4591c70 GCTaskThread "GC Thread#1" [stack: 0x0000004594d00000,0x0000004594e00000] [id=14712]
  0x000001e3e4591f30 GCTaskThread "GC Thread#2" [stack: 0x0000004594e00000,0x0000004594f00000] [id=28844]
  0x000001e3e45da200 GCTaskThread "GC Thread#3" [stack: 0x0000004594f00000,0x0000004595000000] [id=9364]
  0x000001e3e45da4c0 GCTaskThread "GC Thread#4" [stack: 0x0000004595000000,0x0000004595100000] [id=12392]
  0x000001e3e45e3f40 GCTaskThread "GC Thread#5" [stack: 0x0000004595100000,0x0000004595200000] [id=6216]
  0x000001e3e6901b90 GCTaskThread "GC Thread#6" [stack: 0x0000004595b00000,0x0000004595c00000] [id=18976]
  0x000001e3e584d120 GCTaskThread "GC Thread#7" [stack: 0x0000004595c00000,0x0000004595d00000] [id=17920]
  0x000001e39757be30 ConcurrentGCThread "G1 Main Marker" [stack: 0x0000004593b00000,0x0000004593c00000] [id=20616]
  0x000001e39757c760 ConcurrentGCThread "G1 Conc#0" [stack: 0x0000004593c00000,0x0000004593d00000] [id=25880]
  0x000001e3e44e7710 ConcurrentGCThread "G1 Conc#1" [stack: 0x0000004596200000,0x0000004596300000] [id=29476]
  0x000001e3975be290 ConcurrentGCThread "G1 Refine#0" [stack: 0x0000004593d00000,0x0000004593e00000] [id=31672]
  0x000001e3e5bcbfb0 ConcurrentGCThread "G1 Refine#1" [stack: 0x0000004595d00000,0x0000004595e00000] [id=28884]
  0x000001e3e5bcc2a0 ConcurrentGCThread "G1 Refine#2" [stack: 0x0000004595e00000,0x0000004595f00000] [id=1368]
  0x000001e3fb449670 ConcurrentGCThread "G1 Refine#3" [stack: 0x00000045a0500000,0x00000045a0600000] [id=26324]
  0x000001e3f29d6340 ConcurrentGCThread "G1 Refine#4" [stack: 0x00000045a0600000,0x00000045a0700000] [id=29296]
  0x000001e3f21ec650 ConcurrentGCThread "G1 Refine#5" [stack: 0x00000045a0700000,0x00000045a0800000] [id=9796]
  0x000001e3fb77fa30 ConcurrentGCThread "G1 Refine#6" [stack: 0x00000045a0800000,0x00000045a0900000] [id=14376]
  0x000001e3fad25bd0 ConcurrentGCThread "G1 Refine#7" [stack: 0x00000045a0900000,0x00000045a0a00000] [id=28860]
  0x000001e3975bea70 ConcurrentGCThread "G1 Service" [stack: 0x0000004593e00000,0x0000004593f00000] [id=26112]

Threads with active compile tasks:
C2 CompilerThread0   444492 50134       4       ksp.com.intellij.psi.stubs.MaterialStubList::addStub (25 bytes)
C2 CompilerThread1   444492 50139       4       ksp.com.intellij.psi.stubs.StubList::addStub (139 bytes)

VM state: not at safepoint (normal execution)

VM Mutex/Monitor currently owned by a thread: None

Heap address: 0x0000000740000000, size: 3072 MB, Compressed Oops mode: Zero based, Oop shift amount: 3

CDS archive(s) mapped at: [0x000001e3b8000000-0x000001e3b8bb0000-0x000001e3b8bb0000), size 12255232, SharedBaseAddress: 0x000001e3b8000000, ArchiveRelocationMode: 1.
Compressed class space mapped at: 0x000001e3b9000000-0x000001e3e0000000, reserved size: 654311424
Narrow klass base: 0x000001e3b8000000, Narrow klass shift: 0, Narrow klass range: 0x100000000

GC Precious Log:
 CPUs: 8 total, 8 available
 Memory: 16167M
 Large Page Support: Disabled
 NUMA Support: Disabled
 Compressed Oops: Enabled (Zero based)
 Heap Region Size: 2M
 Heap Min Capacity: 8M
 Heap Initial Capacity: 254M
 Heap Max Capacity: 3G
 Pre-touch: Disabled
 Parallel Workers: 8
 Concurrent Workers: 2
 Concurrent Refinement Workers: 8
 Periodic GC: Disabled

Heap:
 garbage-first heap   total 2095104K, used 1640445K [0x0000000740000000, 0x0000000800000000)
  region size 2048K, 428 young (876544K), 5 survivors (10240K)
 Metaspace       used 236172K, committed 239232K, reserved 901120K
  class space    used 30965K, committed 32448K, reserved 638976K

Heap Regions: E=young(eden), S=young(survivor), O=old, HS=humongous(starts), HC=humongous(continues), CS=collection set, F=free, OA=open archive, CA=closed archive, TAMS=top-at-mark-start (previous, next)
|   0|0x0000000740000000, 0x0000000740200000, 0x0000000740200000|100%|HS|  |TAMS 0x0000000740200000, 0x0000000740000000| Complete 
|   1|0x0000000740200000, 0x0000000740400000, 0x0000000740400000|100%|HC|  |TAMS 0x0000000740400000, 0x0000000740200000| Complete 
|   2|0x0000000740400000, 0x0000000740600000, 0x0000000740600000|100%| O|  |TAMS 0x0000000740600000, 0x0000000740400000| Untracked 
|   3|0x0000000740600000, 0x0000000740800000, 0x0000000740800000|100%| O|  |TAMS 0x0000000740800000, 0x0000000740600000| Untracked 
|   4|0x0000000740800000, 0x0000000740a00000, 0x0000000740a00000|100%| O|  |TAMS 0x0000000740a00000, 0x0000000740800000| Untracked 
|   5|0x0000000740a00000, 0x0000000740c00000, 0x0000000740c00000|100%| O|  |TAMS 0x0000000740c00000, 0x0000000740a00000| Untracked 
|   6|0x0000000740c00000, 0x0000000740e00000, 0x0000000740e00000|100%| O|  |TAMS 0x0000000740e00000, 0x0000000740c00000| Untracked 
|   7|0x0000000740e00000, 0x0000000741000000, 0x0000000741000000|100%| O|  |TAMS 0x0000000741000000, 0x0000000740e00000| Untracked 
|   8|0x0000000741000000, 0x0000000741200000, 0x0000000741200000|100%| O|  |TAMS 0x0000000741200000, 0x0000000741000000| Untracked 
|   9|0x0000000741200000, 0x0000000741400000, 0x0000000741400000|100%| O|  |TAMS 0x0000000741400000, 0x0000000741200000| Untracked 
|  10|0x0000000741400000, 0x0000000741600000, 0x0000000741600000|100%| O|  |TAMS 0x0000000741600000, 0x0000000741400000| Untracked 
|  11|0x0000000741600000, 0x0000000741800000, 0x0000000741800000|100%| O|  |TAMS 0x0000000741800000, 0x0000000741600000| Untracked 
|  12|0x0000000741800000, 0x0000000741a00000, 0x0000000741a00000|100%| O|  |TAMS 0x0000000741a00000, 0x0000000741800000| Untracked 
|  13|0x0000000741a00000, 0x0000000741c00000, 0x0000000741c00000|100%| O|  |TAMS 0x0000000741c00000, 0x0000000741a00000| Untracked 
|  14|0x0000000741c00000, 0x0000000741e00000, 0x0000000741e00000|100%| O|  |TAMS 0x0000000741e00000, 0x0000000741c00000| Untracked 
|  15|0x0000000741e00000, 0x0000000742000000, 0x0000000742000000|100%| O|  |TAMS 0x0000000742000000, 0x0000000741e00000| Untracked 
|  16|0x0000000742000000, 0x0000000742200000, 0x0000000742200000|100%| O|  |TAMS 0x0000000742200000, 0x0000000742000000| Untracked 
|  17|0x0000000742200000, 0x0000000742400000, 0x0000000742400000|100%| O|  |TAMS 0x0000000742400000, 0x0000000742200000| Untracked 
|  18|0x0000000742400000, 0x0000000742600000, 0x0000000742600000|100%| O|  |TAMS 0x0000000742600000, 0x0000000742400000| Untracked 
|  19|0x0000000742600000, 0x0000000742800000, 0x0000000742800000|100%|HS|  |TAMS 0x0000000742800000, 0x0000000742600000| Complete 
|  20|0x0000000742800000, 0x0000000742a00000, 0x0000000742a00000|100%|HC|  |TAMS 0x0000000742a00000, 0x0000000742800000| Complete 
|  21|0x0000000742a00000, 0x0000000742c00000, 0x0000000742c00000|100%| O|  |TAMS 0x0000000742c00000, 0x0000000742a00000| Untracked 
|  22|0x0000000742c00000, 0x0000000742e00000, 0x0000000742e00000|100%|HS|  |TAMS 0x0000000742e00000, 0x0000000742c00000| Complete 
|  23|0x0000000742e00000, 0x0000000743000000, 0x0000000743000000|100%|HC|  |TAMS 0x0000000743000000, 0x0000000742e00000| Complete 
|  24|0x0000000743000000, 0x0000000743200000, 0x0000000743200000|100%| O|  |TAMS 0x0000000743200000, 0x0000000743000000| Untracked 
|  25|0x0000000743200000, 0x0000000743400000, 0x0000000743400000|100%| O|  |TAMS 0x0000000743400000, 0x0000000743200000| Untracked 
|  26|0x0000000743400000, 0x0000000743600000, 0x0000000743600000|100%| O|  |TAMS 0x0000000743600000, 0x0000000743400000| Untracked 
|  27|0x0000000743600000, 0x0000000743800000, 0x0000000743800000|100%| O|  |TAMS 0x0000000743800000, 0x0000000743600000| Untracked 
|  28|0x0000000743800000, 0x0000000743a00000, 0x0000000743a00000|100%| O|  |TAMS 0x0000000743a00000, 0x0000000743800000| Untracked 
|  29|0x0000000743a00000, 0x0000000743c00000, 0x0000000743c00000|100%| O|  |TAMS 0x0000000743c00000, 0x0000000743a00000| Untracked 
|  30|0x0000000743c00000, 0x0000000743e00000, 0x0000000743e00000|100%| O|  |TAMS 0x0000000743e00000, 0x0000000743c00000| Untracked 
|  31|0x0000000743e00000, 0x0000000744000000, 0x0000000744000000|100%| O|  |TAMS 0x0000000744000000, 0x0000000743e00000| Untracked 
|  32|0x0000000744000000, 0x0000000744200000, 0x0000000744200000|100%| O|  |TAMS 0x0000000744200000, 0x0000000744000000| Untracked 
|  33|0x0000000744200000, 0x0000000744400000, 0x0000000744400000|100%| O|  |TAMS 0x0000000744400000, 0x0000000744200000| Untracked 
|  34|0x0000000744400000, 0x0000000744600000, 0x0000000744600000|100%| O|  |TAMS 0x0000000744600000, 0x0000000744400000| Untracked 
|  35|0x0000000744600000, 0x0000000744800000, 0x0000000744800000|100%| O|  |TAMS 0x0000000744800000, 0x0000000744600000| Untracked 
|  36|0x0000000744800000, 0x0000000744a00000, 0x0000000744a00000|100%| O|  |TAMS 0x0000000744a00000, 0x0000000744800000| Untracked 
|  37|0x0000000744a00000, 0x0000000744c00000, 0x0000000744c00000|100%| O|  |TAMS 0x0000000744c00000, 0x0000000744a00000| Untracked 
|  38|0x0000000744c00000, 0x0000000744e00000, 0x0000000744e00000|100%| O|  |TAMS 0x0000000744e00000, 0x0000000744c00000| Untracked 
|  39|0x0000000744e00000, 0x0000000745000000, 0x0000000745000000|100%| O|  |TAMS 0x0000000745000000, 0x0000000744e00000| Complete 
|  40|0x0000000745000000, 0x0000000745200000, 0x0000000745200000|100%| O|  |TAMS 0x0000000745200000, 0x0000000745000000| Untracked 
|  41|0x0000000745200000, 0x0000000745400000, 0x0000000745400000|100%| O|  |TAMS 0x0000000745400000, 0x0000000745200000| Untracked 
|  42|0x0000000745400000, 0x0000000745600000, 0x0000000745600000|100%| O|  |TAMS 0x0000000745600000, 0x0000000745400000| Untracked 
|  43|0x0000000745600000, 0x0000000745800000, 0x0000000745800000|100%| O|  |TAMS 0x0000000745800000, 0x0000000745600000| Complete 
|  44|0x0000000745800000, 0x0000000745a00000, 0x0000000745a00000|100%|HS|  |TAMS 0x0000000745a00000, 0x0000000745800000| Complete 
|  45|0x0000000745a00000, 0x0000000745c00000, 0x0000000745c00000|100%|HS|  |TAMS 0x0000000745c00000, 0x0000000745a00000| Complete 
|  46|0x0000000745c00000, 0x0000000745e00000, 0x0000000745e00000|100%| O|  |TAMS 0x0000000745e00000, 0x0000000745c00000| Untracked 
|  47|0x0000000745e00000, 0x0000000746000000, 0x0000000746000000|100%| O|  |TAMS 0x0000000746000000, 0x0000000745e00000| Untracked 
|  48|0x0000000746000000, 0x0000000746200000, 0x0000000746200000|100%| O|  |TAMS 0x0000000746200000, 0x0000000746000000| Untracked 
|  49|0x0000000746200000, 0x0000000746400000, 0x0000000746400000|100%| O|  |TAMS 0x0000000746400000, 0x0000000746200000| Untracked 
|  50|0x0000000746400000, 0x0000000746600000, 0x0000000746600000|100%| O|  |TAMS 0x0000000746600000, 0x0000000746400000| Untracked 
|  51|0x0000000746600000, 0x0000000746800000, 0x0000000746800000|100%| O|  |TAMS 0x0000000746800000, 0x0000000746600000| Untracked 
|  52|0x0000000746800000, 0x0000000746a00000, 0x0000000746a00000|100%|HS|  |TAMS 0x0000000746a00000, 0x0000000746800000| Complete 
|  53|0x0000000746a00000, 0x0000000746c00000, 0x0000000746c00000|100%| O|  |TAMS 0x0000000746c00000, 0x0000000746a00000| Untracked 
|  54|0x0000000746c00000, 0x0000000746e00000, 0x0000000746e00000|100%| O|  |TAMS 0x0000000746e00000, 0x0000000746c00000| Untracked 
|  55|0x0000000746e00000, 0x0000000747000000, 0x0000000747000000|100%| O|  |TAMS 0x0000000747000000, 0x0000000746e00000| Untracked 
|  56|0x0000000747000000, 0x0000000747200000, 0x0000000747200000|100%| O|  |TAMS 0x0000000747200000, 0x0000000747000000| Untracked 
|  57|0x0000000747200000, 0x0000000747400000, 0x0000000747400000|100%| O|  |TAMS 0x0000000747400000, 0x0000000747200000| Untracked 
|  58|0x0000000747400000, 0x0000000747600000, 0x0000000747600000|100%|HS|  |TAMS 0x0000000747600000, 0x0000000747400000| Complete 
|  59|0x0000000747600000, 0x0000000747800000, 0x0000000747800000|100%| O|  |TAMS 0x0000000747800000, 0x0000000747600000| Untracked 
|  60|0x0000000747800000, 0x0000000747a00000, 0x0000000747a00000|100%| O|  |TAMS 0x0000000747a00000, 0x0000000747800000| Untracked 
|  61|0x0000000747a00000, 0x0000000747c00000, 0x0000000747c00000|100%| O|  |TAMS 0x0000000747c00000, 0x0000000747a00000| Untracked 
|  62|0x0000000747c00000, 0x0000000747e00000, 0x0000000747e00000|100%| O|  |TAMS 0x0000000747e00000, 0x0000000747c00000| Untracked 
|  63|0x0000000747e00000, 0x0000000748000000, 0x0000000748000000|100%| O|  |TAMS 0x0000000748000000, 0x0000000747e00000| Untracked 
|  64|0x0000000748000000, 0x0000000748200000, 0x0000000748200000|100%| O|  |TAMS 0x0000000748200000, 0x0000000748000000| Untracked 
|  65|0x0000000748200000, 0x0000000748400000, 0x0000000748400000|100%| O|  |TAMS 0x0000000748400000, 0x0000000748200000| Untracked 
|  66|0x0000000748400000, 0x0000000748600000, 0x0000000748600000|100%| O|  |TAMS 0x0000000748600000, 0x0000000748400000| Untracked 
|  67|0x0000000748600000, 0x0000000748800000, 0x0000000748800000|100%|HS|  |TAMS 0x0000000748800000, 0x0000000748600000| Complete 
|  68|0x0000000748800000, 0x0000000748a00000, 0x0000000748a00000|100%|HC|  |TAMS 0x0000000748a00000, 0x0000000748800000| Complete 
|  69|0x0000000748a00000, 0x0000000748c00000, 0x0000000748c00000|100%| O|  |TAMS 0x0000000748c00000, 0x0000000748a00000| Untracked 
|  70|0x0000000748c00000, 0x0000000748e00000, 0x0000000748e00000|100%| O|  |TAMS 0x0000000748e00000, 0x0000000748c00000| Untracked 
|  71|0x0000000748e00000, 0x0000000749000000, 0x0000000749000000|100%| O|  |TAMS 0x0000000749000000, 0x0000000748e00000| Untracked 
|  72|0x0000000749000000, 0x0000000749200000, 0x0000000749200000|100%| O|  |TAMS 0x0000000749200000, 0x0000000749000000| Untracked 
|  73|0x0000000749200000, 0x0000000749400000, 0x0000000749400000|100%| O|  |TAMS 0x0000000749400000, 0x0000000749200000| Untracked 
|  74|0x0000000749400000, 0x0000000749600000, 0x0000000749600000|100%| O|  |TAMS 0x0000000749600000, 0x0000000749400000| Untracked 
|  75|0x0000000749600000, 0x0000000749800000, 0x0000000749800000|100%| O|  |TAMS 0x0000000749800000, 0x0000000749600000| Untracked 
|  76|0x0000000749800000, 0x0000000749a00000, 0x0000000749a00000|100%| O|  |TAMS 0x0000000749a00000, 0x0000000749800000| Untracked 
|  77|0x0000000749a00000, 0x0000000749c00000, 0x0000000749c00000|100%| O|  |TAMS 0x0000000749c00000, 0x0000000749a00000| Untracked 
|  78|0x0000000749c00000, 0x0000000749e00000, 0x0000000749e00000|100%| O|  |TAMS 0x0000000749e00000, 0x0000000749c00000| Untracked 
|  79|0x0000000749e00000, 0x000000074a000000, 0x000000074a000000|100%| O|  |TAMS 0x000000074a000000, 0x0000000749e00000| Untracked 
|  80|0x000000074a000000, 0x000000074a200000, 0x000000074a200000|100%| O|  |TAMS 0x000000074a200000, 0x000000074a000000| Untracked 
|  81|0x000000074a200000, 0x000000074a400000, 0x000000074a400000|100%| O|  |TAMS 0x000000074a400000, 0x000000074a200000| Untracked 
|  82|0x000000074a400000, 0x000000074a600000, 0x000000074a600000|100%| O|  |TAMS 0x000000074a600000, 0x000000074a400000| Untracked 
|  83|0x000000074a600000, 0x000000074a800000, 0x000000074a800000|100%| O|  |TAMS 0x000000074a800000, 0x000000074a600000| Untracked 
|  84|0x000000074a800000, 0x000000074aa00000, 0x000000074aa00000|100%| O|  |TAMS 0x000000074aa00000, 0x000000074a800000| Untracked 
|  85|0x000000074aa00000, 0x000000074ac00000, 0x000000074ac00000|100%| O|  |TAMS 0x000000074ac00000, 0x000000074aa00000| Untracked 
|  86|0x000000074ac00000, 0x000000074ae00000, 0x000000074ae00000|100%| O|  |TAMS 0x000000074ae00000, 0x000000074ac00000| Untracked 
|  87|0x000000074ae00000, 0x000000074b000000, 0x000000074b000000|100%| O|  |TAMS 0x000000074b000000, 0x000000074ae00000| Untracked 
|  88|0x000000074b000000, 0x000000074b200000, 0x000000074b200000|100%| O|  |TAMS 0x000000074b200000, 0x000000074b000000| Untracked 
|  89|0x000000074b200000, 0x000000074b400000, 0x000000074b400000|100%| O|  |TAMS 0x000000074b400000, 0x000000074b200000| Untracked 
|  90|0x000000074b400000, 0x000000074b600000, 0x000000074b600000|100%| O|  |TAMS 0x000000074b600000, 0x000000074b400000| Untracked 
|  91|0x000000074b600000, 0x000000074b800000, 0x000000074b800000|100%| O|  |TAMS 0x000000074b800000, 0x000000074b600000| Untracked 
|  92|0x000000074b800000, 0x000000074ba00000, 0x000000074ba00000|100%|HS|  |TAMS 0x000000074b800000, 0x000000074b800000| Complete 
|  93|0x000000074ba00000, 0x000000074bc00000, 0x000000074bc00000|100%| O|  |TAMS 0x000000074bc00000, 0x000000074ba00000| Untracked 
|  94|0x000000074bc00000, 0x000000074be00000, 0x000000074be00000|100%| O|  |TAMS 0x000000074be00000, 0x000000074bc00000| Untracked 
|  95|0x000000074be00000, 0x000000074c000000, 0x000000074c000000|100%|HS|  |TAMS 0x000000074c000000, 0x000000074be00000| Complete 
|  96|0x000000074c000000, 0x000000074c200000, 0x000000074c200000|100%| O|  |TAMS 0x000000074c200000, 0x000000074c000000| Untracked 
|  97|0x000000074c200000, 0x000000074c400000, 0x000000074c400000|100%| O|  |TAMS 0x000000074c400000, 0x000000074c200000| Untracked 
|  98|0x000000074c400000, 0x000000074c600000, 0x000000074c600000|100%| O|  |TAMS 0x000000074c600000, 0x000000074c400000| Untracked 
|  99|0x000000074c600000, 0x000000074c800000, 0x000000074c800000|100%|HS|  |TAMS 0x000000074c800000, 0x000000074c600000| Complete 
| 100|0x000000074c800000, 0x000000074ca00000, 0x000000074ca00000|100%| O|  |TAMS 0x000000074ca00000, 0x000000074c800000| Untracked 
| 101|0x000000074ca00000, 0x000000074cc00000, 0x000000074cc00000|100%| O|  |TAMS 0x000000074cc00000, 0x000000074ca00000| Untracked 
| 102|0x000000074cc00000, 0x000000074ce00000, 0x000000074ce00000|100%|HS|  |TAMS 0x000000074cc00000, 0x000000074cc00000| Complete 
| 103|0x000000074ce00000, 0x000000074d000000, 0x000000074d000000|100%| O|  |TAMS 0x000000074d000000, 0x000000074ce00000| Untracked 
| 104|0x000000074d000000, 0x000000074d200000, 0x000000074d200000|100%|HS|  |TAMS 0x000000074d200000, 0x000000074d000000| Complete 
| 105|0x000000074d200000, 0x000000074d400000, 0x000000074d400000|100%| O|  |TAMS 0x000000074d400000, 0x000000074d200000| Untracked 
| 106|0x000000074d400000, 0x000000074d600000, 0x000000074d600000|100%| O|  |TAMS 0x000000074d600000, 0x000000074d400000| Untracked 
| 107|0x000000074d600000, 0x000000074d800000, 0x000000074d800000|100%| O|  |TAMS 0x000000074d800000, 0x000000074d600000| Untracked 
| 108|0x000000074d800000, 0x000000074da00000, 0x000000074da00000|100%| O|  |TAMS 0x000000074da00000, 0x000000074d800000| Untracked 
| 109|0x000000074da00000, 0x000000074dc00000, 0x000000074dc00000|100%| O|  |TAMS 0x000000074dc00000, 0x000000074da00000| Untracked 
| 110|0x000000074dc00000, 0x000000074de00000, 0x000000074de00000|100%| O|  |TAMS 0x000000074de00000, 0x000000074dc00000| Untracked 
| 111|0x000000074de00000, 0x000000074e000000, 0x000000074e000000|100%| O|  |TAMS 0x000000074e000000, 0x000000074de00000| Untracked 
| 112|0x000000074e000000, 0x000000074e200000, 0x000000074e200000|100%| O|  |TAMS 0x000000074e200000, 0x000000074e000000| Untracked 
| 113|0x000000074e200000, 0x000000074e400000, 0x000000074e400000|100%| O|  |TAMS 0x000000074e400000, 0x000000074e200000| Untracked 
| 114|0x000000074e400000, 0x000000074e600000, 0x000000074e600000|100%| O|  |TAMS 0x000000074e600000, 0x000000074e400000| Untracked 
| 115|0x000000074e600000, 0x000000074e800000, 0x000000074e800000|100%|HS|  |TAMS 0x000000074e600000, 0x000000074e600000| Complete 
| 116|0x000000074e800000, 0x000000074ea00000, 0x000000074ea00000|100%| O|  |TAMS 0x000000074ea00000, 0x000000074e800000| Untracked 
| 117|0x000000074ea00000, 0x000000074ec00000, 0x000000074ec00000|100%| O|  |TAMS 0x000000074ec00000, 0x000000074ea00000| Untracked 
| 118|0x000000074ec00000, 0x000000074ee00000, 0x000000074ee00000|100%| O|  |TAMS 0x000000074ee00000, 0x000000074ec00000| Untracked 
| 119|0x000000074ee00000, 0x000000074f000000, 0x000000074f000000|100%| O|  |TAMS 0x000000074f000000, 0x000000074ee00000| Untracked 
| 120|0x000000074f000000, 0x000000074f200000, 0x000000074f200000|100%| O|  |TAMS 0x000000074f200000, 0x000000074f000000| Untracked 
| 121|0x000000074f200000, 0x000000074f400000, 0x000000074f400000|100%| O|  |TAMS 0x000000074f400000, 0x000000074f200000| Untracked 
| 122|0x000000074f400000, 0x000000074f600000, 0x000000074f600000|100%| O|  |TAMS 0x000000074f600000, 0x000000074f400000| Untracked 
| 123|0x000000074f600000, 0x000000074f800000, 0x000000074f800000|100%| O|  |TAMS 0x000000074f800000, 0x000000074f600000| Untracked 
| 124|0x000000074f800000, 0x000000074fa00000, 0x000000074fa00000|100%| O|  |TAMS 0x000000074fa00000, 0x000000074f800000| Untracked 
| 125|0x000000074fa00000, 0x000000074fc00000, 0x000000074fc00000|100%| O|  |TAMS 0x000000074fc00000, 0x000000074fa00000| Untracked 
| 126|0x000000074fc00000, 0x000000074fe00000, 0x000000074fe00000|100%|HS|  |TAMS 0x000000074fc00000, 0x000000074fc00000| Complete 
| 127|0x000000074fe00000, 0x0000000750000000, 0x0000000750000000|100%| O|  |TAMS 0x0000000750000000, 0x000000074fe00000| Untracked 
| 128|0x0000000750000000, 0x0000000750200000, 0x0000000750200000|100%| O|  |TAMS 0x0000000750200000, 0x0000000750000000| Untracked 
| 129|0x0000000750200000, 0x0000000750400000, 0x0000000750400000|100%| O|  |TAMS 0x0000000750400000, 0x0000000750200000| Untracked 
| 130|0x0000000750400000, 0x0000000750600000, 0x0000000750600000|100%|HS|  |TAMS 0x0000000750400000, 0x0000000750400000| Complete 
| 131|0x0000000750600000, 0x0000000750800000, 0x0000000750800000|100%| O|  |TAMS 0x0000000750800000, 0x0000000750600000| Untracked 
| 132|0x0000000750800000, 0x0000000750a00000, 0x0000000750a00000|100%| O|  |TAMS 0x0000000750a00000, 0x0000000750800000| Untracked 
| 133|0x0000000750a00000, 0x0000000750c00000, 0x0000000750c00000|100%| O|  |TAMS 0x0000000750c00000, 0x0000000750a00000| Untracked 
| 134|0x0000000750c00000, 0x0000000750e00000, 0x0000000750e00000|100%| O|  |TAMS 0x0000000750e00000, 0x0000000750c00000| Untracked 
| 135|0x0000000750e00000, 0x0000000751000000, 0x0000000751000000|100%| O|  |TAMS 0x0000000751000000, 0x0000000750e00000| Untracked 
| 136|0x0000000751000000, 0x0000000751200000, 0x0000000751200000|100%| O|  |TAMS 0x0000000751200000, 0x0000000751000000| Complete 
| 137|0x0000000751200000, 0x0000000751400000, 0x0000000751400000|100%| O|  |TAMS 0x0000000751400000, 0x0000000751200000| Untracked 
| 138|0x0000000751400000, 0x0000000751600000, 0x0000000751600000|100%|HS|  |TAMS 0x0000000751600000, 0x0000000751400000| Complete 
| 139|0x0000000751600000, 0x0000000751800000, 0x0000000751800000|100%| O|  |TAMS 0x0000000751800000, 0x0000000751600000| Untracked 
| 140|0x0000000751800000, 0x0000000751a00000, 0x0000000751a00000|100%| O|  |TAMS 0x0000000751a00000, 0x0000000751800000| Untracked 
| 141|0x0000000751a00000, 0x0000000751c00000, 0x0000000751c00000|100%| O|  |TAMS 0x0000000751c00000, 0x0000000751a00000| Untracked 
| 142|0x0000000751c00000, 0x0000000751e00000, 0x0000000751e00000|100%| O|  |TAMS 0x0000000751e00000, 0x0000000751c00000| Untracked 
| 143|0x0000000751e00000, 0x0000000752000000, 0x0000000752000000|100%|HS|  |TAMS 0x0000000751e00000, 0x0000000751e00000| Complete 
| 144|0x0000000752000000, 0x0000000752200000, 0x0000000752200000|100%| O|  |TAMS 0x0000000752200000, 0x0000000752000000| Untracked 
| 145|0x0000000752200000, 0x0000000752400000, 0x0000000752400000|100%| O|  |TAMS 0x0000000752400000, 0x0000000752200000| Untracked 
| 146|0x0000000752400000, 0x0000000752600000, 0x0000000752600000|100%| O|  |TAMS 0x0000000752600000, 0x0000000752400000| Untracked 
| 147|0x0000000752600000, 0x0000000752800000, 0x0000000752800000|100%| O|  |TAMS 0x0000000752800000, 0x0000000752600000| Untracked 
| 148|0x0000000752800000, 0x0000000752a00000, 0x0000000752a00000|100%| O|  |TAMS 0x0000000752a00000, 0x0000000752800000| Untracked 
| 149|0x0000000752a00000, 0x0000000752c00000, 0x0000000752c00000|100%| O|  |TAMS 0x0000000752c00000, 0x0000000752a00000| Untracked 
| 150|0x0000000752c00000, 0x0000000752e00000, 0x0000000752e00000|100%| O|  |TAMS 0x0000000752e00000, 0x0000000752c00000| Untracked 
| 151|0x0000000752e00000, 0x0000000753000000, 0x0000000753000000|100%| O|  |TAMS 0x0000000753000000, 0x0000000752e00000| Untracked 
| 152|0x0000000753000000, 0x0000000753200000, 0x0000000753200000|100%| O|  |TAMS 0x0000000753200000, 0x0000000753000000| Untracked 
| 153|0x0000000753200000, 0x0000000753400000, 0x0000000753400000|100%| O|  |TAMS 0x0000000753400000, 0x0000000753200000| Untracked 
| 154|0x0000000753400000, 0x0000000753600000, 0x0000000753600000|100%| O|  |TAMS 0x0000000753600000, 0x0000000753400000| Untracked 
| 155|0x0000000753600000, 0x0000000753800000, 0x0000000753800000|100%| O|  |TAMS 0x0000000753800000, 0x0000000753600000| Untracked 
| 156|0x0000000753800000, 0x0000000753a00000, 0x0000000753a00000|100%| O|  |TAMS 0x0000000753a00000, 0x0000000753800000| Untracked 
| 157|0x0000000753a00000, 0x0000000753c00000, 0x0000000753c00000|100%| O|  |TAMS 0x0000000753c00000, 0x0000000753a00000| Untracked 
| 158|0x0000000753c00000, 0x0000000753e00000, 0x0000000753e00000|100%| O|  |TAMS 0x0000000753e00000, 0x0000000753c00000| Untracked 
| 159|0x0000000753e00000, 0x0000000754000000, 0x0000000754000000|100%| O|  |TAMS 0x0000000754000000, 0x0000000753e00000| Untracked 
| 160|0x0000000754000000, 0x0000000754200000, 0x0000000754200000|100%| O|  |TAMS 0x0000000754200000, 0x0000000754000000| Untracked 
| 161|0x0000000754200000, 0x0000000754400000, 0x0000000754400000|100%| O|  |TAMS 0x0000000754400000, 0x0000000754200000| Untracked 
| 162|0x0000000754400000, 0x0000000754600000, 0x0000000754600000|100%| O|  |TAMS 0x0000000754600000, 0x0000000754400000| Untracked 
| 163|0x0000000754600000, 0x0000000754800000, 0x0000000754800000|100%|HS|  |TAMS 0x0000000754600000, 0x0000000754600000| Complete 
| 164|0x0000000754800000, 0x0000000754a00000, 0x0000000754a00000|100%| O|  |TAMS 0x0000000754a00000, 0x0000000754800000| Untracked 
| 165|0x0000000754a00000, 0x0000000754c00000, 0x0000000754c00000|100%|HS|  |TAMS 0x0000000754c00000, 0x0000000754a00000| Complete 
| 166|0x0000000754c00000, 0x0000000754e00000, 0x0000000754e00000|100%|HC|  |TAMS 0x0000000754e00000, 0x0000000754c00000| Complete 
| 167|0x0000000754e00000, 0x0000000755000000, 0x0000000755000000|100%| O|  |TAMS 0x0000000755000000, 0x0000000754e00000| Untracked 
| 168|0x0000000755000000, 0x0000000755200000, 0x0000000755200000|100%| O|  |TAMS 0x0000000755200000, 0x0000000755000000| Untracked 
| 169|0x0000000755200000, 0x0000000755400000, 0x0000000755400000|100%| O|  |TAMS 0x0000000755400000, 0x0000000755200000| Untracked 
| 170|0x0000000755400000, 0x0000000755600000, 0x0000000755600000|100%| O|  |TAMS 0x0000000755600000, 0x0000000755400000| Untracked 
| 171|0x0000000755600000, 0x0000000755800000, 0x0000000755800000|100%| O|  |TAMS 0x0000000755800000, 0x0000000755600000| Untracked 
| 172|0x0000000755800000, 0x0000000755a00000, 0x0000000755a00000|100%|HS|  |TAMS 0x0000000755a00000, 0x0000000755800000| Complete 
| 173|0x0000000755a00000, 0x0000000755c00000, 0x0000000755c00000|100%| O|  |TAMS 0x0000000755c00000, 0x0000000755a00000| Untracked 
| 174|0x0000000755c00000, 0x0000000755e00000, 0x0000000755e00000|100%| O|  |TAMS 0x0000000755e00000, 0x0000000755c00000| Untracked 
| 175|0x0000000755e00000, 0x0000000756000000, 0x0000000756000000|100%| O|  |TAMS 0x0000000756000000, 0x0000000755e00000| Untracked 
| 176|0x0000000756000000, 0x0000000756200000, 0x0000000756200000|100%| O|  |TAMS 0x0000000756200000, 0x0000000756000000| Untracked 
| 177|0x0000000756200000, 0x0000000756400000, 0x0000000756400000|100%| O|  |TAMS 0x0000000756400000, 0x0000000756200000| Untracked 
| 178|0x0000000756400000, 0x0000000756600000, 0x0000000756600000|100%|HS|  |TAMS 0x0000000756400000, 0x0000000756400000| Complete 
| 179|0x0000000756600000, 0x0000000756800000, 0x0000000756800000|100%| O|  |TAMS 0x0000000756800000, 0x0000000756600000| Untracked 
| 180|0x0000000756800000, 0x0000000756a00000, 0x0000000756a00000|100%| O|  |TAMS 0x0000000756a00000, 0x0000000756800000| Untracked 
| 181|0x0000000756a00000, 0x0000000756c00000, 0x0000000756c00000|100%| O|  |TAMS 0x0000000756c00000, 0x0000000756a00000| Untracked 
| 182|0x0000000756c00000, 0x0000000756e00000, 0x0000000756e00000|100%| O|  |TAMS 0x0000000756e00000, 0x0000000756c00000| Untracked 
| 183|0x0000000756e00000, 0x0000000757000000, 0x0000000757000000|100%|HS|  |TAMS 0x0000000757000000, 0x0000000756e00000| Complete 
| 184|0x0000000757000000, 0x0000000757200000, 0x0000000757200000|100%| O|  |TAMS 0x0000000757200000, 0x0000000757000000| Untracked 
| 185|0x0000000757200000, 0x0000000757400000, 0x0000000757400000|100%| O|  |TAMS 0x0000000757400000, 0x0000000757200000| Untracked 
| 186|0x0000000757400000, 0x0000000757600000, 0x0000000757600000|100%| O|  |TAMS 0x0000000757600000, 0x0000000757400000| Untracked 
| 187|0x0000000757600000, 0x0000000757800000, 0x0000000757800000|100%| O|  |TAMS 0x0000000757800000, 0x0000000757600000| Untracked 
| 188|0x0000000757800000, 0x0000000757a00000, 0x0000000757a00000|100%| O|  |TAMS 0x0000000757a00000, 0x0000000757800000| Untracked 
| 189|0x0000000757a00000, 0x0000000757c00000, 0x0000000757c00000|100%|HS|  |TAMS 0x0000000757c00000, 0x0000000757a00000| Complete 
| 190|0x0000000757c00000, 0x0000000757e00000, 0x0000000757e00000|100%|HC|  |TAMS 0x0000000757e00000, 0x0000000757c00000| Complete 
| 191|0x0000000757e00000, 0x0000000758000000, 0x0000000758000000|100%| O|  |TAMS 0x0000000758000000, 0x0000000757e00000| Untracked 
| 192|0x0000000758000000, 0x0000000758200000, 0x0000000758200000|100%| O|  |TAMS 0x0000000758200000, 0x0000000758000000| Complete 
| 193|0x0000000758200000, 0x0000000758400000, 0x0000000758400000|100%| O|  |TAMS 0x0000000758400000, 0x0000000758200000| Untracked 
| 194|0x0000000758400000, 0x0000000758600000, 0x0000000758600000|100%| O|  |TAMS 0x0000000758600000, 0x0000000758400000| Complete 
| 195|0x0000000758600000, 0x0000000758800000, 0x0000000758800000|100%| O|  |TAMS 0x0000000758800000, 0x0000000758600000| Untracked 
| 196|0x0000000758800000, 0x0000000758a00000, 0x0000000758a00000|100%| O|  |TAMS 0x0000000758a00000, 0x0000000758800000| Untracked 
| 197|0x0000000758a00000, 0x0000000758c00000, 0x0000000758c00000|100%|HS|  |TAMS 0x0000000758c00000, 0x0000000758a00000| Complete 
| 198|0x0000000758c00000, 0x0000000758e00000, 0x0000000758e00000|100%|HC|  |TAMS 0x0000000758e00000, 0x0000000758c00000| Complete 
| 199|0x0000000758e00000, 0x0000000759000000, 0x0000000759000000|100%| O|  |TAMS 0x0000000759000000, 0x0000000758e00000| Untracked 
| 200|0x0000000759000000, 0x0000000759200000, 0x0000000759200000|100%| O|  |TAMS 0x0000000759200000, 0x0000000759000000| Untracked 
| 201|0x0000000759200000, 0x0000000759400000, 0x0000000759400000|100%| O|  |TAMS 0x0000000759400000, 0x0000000759200000| Untracked 
| 202|0x0000000759400000, 0x0000000759600000, 0x0000000759600000|100%| O|  |TAMS 0x0000000759600000, 0x0000000759400000| Untracked 
| 203|0x0000000759600000, 0x0000000759800000, 0x0000000759800000|100%| O|  |TAMS 0x0000000759800000, 0x0000000759600000| Untracked 
| 204|0x0000000759800000, 0x0000000759a00000, 0x0000000759a00000|100%| O|  |TAMS 0x0000000759a00000, 0x0000000759800000| Complete 
| 205|0x0000000759a00000, 0x0000000759c00000, 0x0000000759c00000|100%| O|  |TAMS 0x0000000759c00000, 0x0000000759a00000| Untracked 
| 206|0x0000000759c00000, 0x0000000759e00000, 0x0000000759e00000|100%| O|  |TAMS 0x0000000759e00000, 0x0000000759c00000| Untracked 
| 207|0x0000000759e00000, 0x000000075a000000, 0x000000075a000000|100%| O|  |TAMS 0x000000075a000000, 0x0000000759e00000| Untracked 
| 208|0x000000075a000000, 0x000000075a200000, 0x000000075a200000|100%| O|  |TAMS 0x000000075a200000, 0x000000075a000000| Untracked 
| 209|0x000000075a200000, 0x000000075a400000, 0x000000075a400000|100%| O|  |TAMS 0x000000075a400000, 0x000000075a200000| Untracked 
| 210|0x000000075a400000, 0x000000075a600000, 0x000000075a600000|100%| O|  |TAMS 0x000000075a600000, 0x000000075a400000| Untracked 
| 211|0x000000075a600000, 0x000000075a800000, 0x000000075a800000|100%| O|  |TAMS 0x000000075a800000, 0x000000075a600000| Untracked 
| 212|0x000000075a800000, 0x000000075aa00000, 0x000000075aa00000|100%| O|  |TAMS 0x000000075aa00000, 0x000000075a800000| Complete 
| 213|0x000000075aa00000, 0x000000075ac00000, 0x000000075ac00000|100%| O|  |TAMS 0x000000075ac00000, 0x000000075aa00000| Untracked 
| 214|0x000000075ac00000, 0x000000075ae00000, 0x000000075ae00000|100%| O|  |TAMS 0x000000075ae00000, 0x000000075ac00000| Complete 
| 215|0x000000075ae00000, 0x000000075b000000, 0x000000075b000000|100%| O|  |TAMS 0x000000075b000000, 0x000000075ae00000| Untracked 
| 216|0x000000075b000000, 0x000000075b200000, 0x000000075b200000|100%| O|  |TAMS 0x000000075b200000, 0x000000075b000000| Untracked 
| 217|0x000000075b200000, 0x000000075b400000, 0x000000075b400000|100%| O|  |TAMS 0x000000075b400000, 0x000000075b200000| Untracked 
| 218|0x000000075b400000, 0x000000075b600000, 0x000000075b600000|100%|HS|  |TAMS 0x000000075b600000, 0x000000075b400000| Complete 
| 219|0x000000075b600000, 0x000000075b800000, 0x000000075b800000|100%|HC|  |TAMS 0x000000075b800000, 0x000000075b600000| Complete 
| 220|0x000000075b800000, 0x000000075ba00000, 0x000000075ba00000|100%|HS|  |TAMS 0x000000075ba00000, 0x000000075b800000| Complete 
| 221|0x000000075ba00000, 0x000000075bc00000, 0x000000075bc00000|100%|HC|  |TAMS 0x000000075bc00000, 0x000000075ba00000| Complete 
| 222|0x000000075bc00000, 0x000000075be00000, 0x000000075be00000|100%|HS|  |TAMS 0x000000075be00000, 0x000000075bc00000| Complete 
| 223|0x000000075be00000, 0x000000075c000000, 0x000000075c000000|100%|HC|  |TAMS 0x000000075c000000, 0x000000075be00000| Complete 
| 224|0x000000075c000000, 0x000000075c200000, 0x000000075c200000|100%|HC|  |TAMS 0x000000075c200000, 0x000000075c000000| Complete 
| 225|0x000000075c200000, 0x000000075c400000, 0x000000075c400000|100%| O|  |TAMS 0x000000075c400000, 0x000000075c200000| Untracked 
| 226|0x000000075c400000, 0x000000075c600000, 0x000000075c600000|100%| O|  |TAMS 0x000000075c600000, 0x000000075c400000| Untracked 
| 227|0x000000075c600000, 0x000000075c800000, 0x000000075c800000|100%| O|  |TAMS 0x000000075c800000, 0x000000075c600000| Untracked 
| 228|0x000000075c800000, 0x000000075ca00000, 0x000000075ca00000|100%| O|  |TAMS 0x000000075ca00000, 0x000000075c800000| Untracked 
| 229|0x000000075ca00000, 0x000000075cc00000, 0x000000075cc00000|100%| O|  |TAMS 0x000000075cc00000, 0x000000075ca00000| Untracked 
| 230|0x000000075cc00000, 0x000000075ce00000, 0x000000075ce00000|100%| O|  |TAMS 0x000000075ce00000, 0x000000075cc00000| Untracked 
| 231|0x000000075ce00000, 0x000000075d000000, 0x000000075d000000|100%| O|  |TAMS 0x000000075d000000, 0x000000075ce00000| Untracked 
| 232|0x000000075d000000, 0x000000075d200000, 0x000000075d200000|100%| O|  |TAMS 0x000000075d200000, 0x000000075d000000| Complete 
| 233|0x000000075d200000, 0x000000075d400000, 0x000000075d400000|100%| O|  |TAMS 0x000000075d400000, 0x000000075d200000| Untracked 
| 234|0x000000075d400000, 0x000000075d600000, 0x000000075d600000|100%| O|  |TAMS 0x000000075d600000, 0x000000075d400000| Untracked 
| 235|0x000000075d600000, 0x000000075d800000, 0x000000075d800000|100%| O|  |TAMS 0x000000075d800000, 0x000000075d600000| Untracked 
| 236|0x000000075d800000, 0x000000075da00000, 0x000000075da00000|100%| O|  |TAMS 0x000000075da00000, 0x000000075d800000| Untracked 
| 237|0x000000075da00000, 0x000000075dc00000, 0x000000075dc00000|100%| O|  |TAMS 0x000000075dc00000, 0x000000075da00000| Untracked 
| 238|0x000000075dc00000, 0x000000075de00000, 0x000000075de00000|100%| O|  |TAMS 0x000000075de00000, 0x000000075dc00000| Untracked 
| 239|0x000000075de00000, 0x000000075e000000, 0x000000075e000000|100%| O|  |TAMS 0x000000075e000000, 0x000000075de00000| Untracked 
| 240|0x000000075e000000, 0x000000075e200000, 0x000000075e200000|100%| O|  |TAMS 0x000000075e200000, 0x000000075e000000| Untracked 
| 241|0x000000075e200000, 0x000000075e400000, 0x000000075e400000|100%| O|  |TAMS 0x000000075e400000, 0x000000075e200000| Untracked 
| 242|0x000000075e400000, 0x000000075e600000, 0x000000075e600000|100%| O|  |TAMS 0x000000075e600000, 0x000000075e400000| Untracked 
| 243|0x000000075e600000, 0x000000075e800000, 0x000000075e800000|100%| O|  |TAMS 0x000000075e800000, 0x000000075e600000| Untracked 
| 244|0x000000075e800000, 0x000000075ea00000, 0x000000075ea00000|100%| O|  |TAMS 0x000000075ea00000, 0x000000075e800000| Untracked 
| 245|0x000000075ea00000, 0x000000075ec00000, 0x000000075ec00000|100%| O|  |TAMS 0x000000075ec00000, 0x000000075ea00000| Untracked 
| 246|0x000000075ec00000, 0x000000075ee00000, 0x000000075ee00000|100%| O|  |TAMS 0x000000075ee00000, 0x000000075ec00000| Complete 
| 247|0x000000075ee00000, 0x000000075f000000, 0x000000075f000000|100%| O|  |TAMS 0x000000075f000000, 0x000000075ee00000| Complete 
| 248|0x000000075f000000, 0x000000075f200000, 0x000000075f200000|100%| O|  |TAMS 0x000000075f200000, 0x000000075f000000| Complete 
| 249|0x000000075f200000, 0x000000075f400000, 0x000000075f400000|100%| O|  |TAMS 0x000000075f400000, 0x000000075f200000| Untracked 
| 250|0x000000075f400000, 0x000000075f600000, 0x000000075f600000|100%| O|  |TAMS 0x000000075f600000, 0x000000075f400000| Untracked 
| 251|0x000000075f600000, 0x000000075f800000, 0x000000075f800000|100%| O|  |TAMS 0x000000075f800000, 0x000000075f600000| Untracked 
| 252|0x000000075f800000, 0x000000075fa00000, 0x000000075fa00000|100%| O|  |TAMS 0x000000075fa00000, 0x000000075f800000| Untracked 
| 253|0x000000075fa00000, 0x000000075fc00000, 0x000000075fc00000|100%| O|  |TAMS 0x000000075fc00000, 0x000000075fa00000| Untracked 
| 254|0x000000075fc00000, 0x000000075fe00000, 0x000000075fe00000|100%| O|  |TAMS 0x000000075fe00000, 0x000000075fc00000| Untracked 
| 255|0x000000075fe00000, 0x0000000760000000, 0x0000000760000000|100%| O|  |TAMS 0x0000000760000000, 0x000000075fe00000| Untracked 
| 256|0x0000000760000000, 0x0000000760200000, 0x0000000760200000|100%| O|  |TAMS 0x0000000760200000, 0x0000000760000000| Untracked 
| 257|0x0000000760200000, 0x0000000760400000, 0x0000000760400000|100%| O|  |TAMS 0x0000000760400000, 0x0000000760200000| Untracked 
| 258|0x0000000760400000, 0x0000000760600000, 0x0000000760600000|100%| O|  |TAMS 0x0000000760600000, 0x0000000760400000| Untracked 
| 259|0x0000000760600000, 0x0000000760800000, 0x0000000760800000|100%| O|  |TAMS 0x0000000760800000, 0x0000000760600000| Untracked 
| 260|0x0000000760800000, 0x0000000760a00000, 0x0000000760a00000|100%| O|  |TAMS 0x0000000760a00000, 0x0000000760800000| Untracked 
| 261|0x0000000760a00000, 0x0000000760c00000, 0x0000000760c00000|100%| O|  |TAMS 0x0000000760c00000, 0x0000000760a00000| Untracked 
| 262|0x0000000760c00000, 0x0000000760e00000, 0x0000000760e00000|100%| O|  |TAMS 0x0000000760e00000, 0x0000000760c00000| Untracked 
| 263|0x0000000760e00000, 0x0000000761000000, 0x0000000761000000|100%| O|  |TAMS 0x0000000761000000, 0x0000000760e00000| Untracked 
| 264|0x0000000761000000, 0x0000000761200000, 0x0000000761200000|100%| O|  |TAMS 0x0000000761200000, 0x0000000761000000| Untracked 
| 265|0x0000000761200000, 0x0000000761400000, 0x0000000761400000|100%| O|  |TAMS 0x0000000761400000, 0x0000000761200000| Untracked 
| 266|0x0000000761400000, 0x0000000761600000, 0x0000000761600000|100%| O|  |TAMS 0x0000000761600000, 0x0000000761400000| Untracked 
| 267|0x0000000761600000, 0x0000000761800000, 0x0000000761800000|100%| O|  |TAMS 0x0000000761800000, 0x0000000761600000| Untracked 
| 268|0x0000000761800000, 0x0000000761a00000, 0x0000000761a00000|100%| O|  |TAMS 0x0000000761a00000, 0x0000000761800000| Untracked 
| 269|0x0000000761a00000, 0x0000000761c00000, 0x0000000761c00000|100%| O|  |TAMS 0x0000000761c00000, 0x0000000761a00000| Untracked 
| 270|0x0000000761c00000, 0x0000000761e00000, 0x0000000761e00000|100%| O|  |TAMS 0x0000000761e00000, 0x0000000761c00000| Untracked 
| 271|0x0000000761e00000, 0x0000000762000000, 0x0000000762000000|100%| O|  |TAMS 0x0000000762000000, 0x0000000761e00000| Untracked 
| 272|0x0000000762000000, 0x0000000762200000, 0x0000000762200000|100%| O|  |TAMS 0x0000000762200000, 0x0000000762000000| Untracked 
| 273|0x0000000762200000, 0x0000000762400000, 0x0000000762400000|100%| O|  |TAMS 0x0000000762400000, 0x0000000762200000| Untracked 
| 274|0x0000000762400000, 0x0000000762600000, 0x0000000762600000|100%| O|  |TAMS 0x0000000762600000, 0x0000000762400000| Untracked 
| 275|0x0000000762600000, 0x0000000762800000, 0x0000000762800000|100%| O|  |TAMS 0x0000000762800000, 0x0000000762600000| Untracked 
| 276|0x0000000762800000, 0x0000000762a00000, 0x0000000762a00000|100%| O|  |TAMS 0x0000000762a00000, 0x0000000762800000| Untracked 
| 277|0x0000000762a00000, 0x0000000762c00000, 0x0000000762c00000|100%| O|  |TAMS 0x0000000762c00000, 0x0000000762a00000| Untracked 
| 278|0x0000000762c00000, 0x0000000762e00000, 0x0000000762e00000|100%|HS|  |TAMS 0x0000000762c00000, 0x0000000762c00000| Complete 
| 279|0x0000000762e00000, 0x0000000763000000, 0x0000000763000000|100%| O|  |TAMS 0x0000000763000000, 0x0000000762e00000| Untracked 
| 280|0x0000000763000000, 0x0000000763200000, 0x0000000763200000|100%| O|  |TAMS 0x0000000763200000, 0x0000000763000000| Untracked 
| 281|0x0000000763200000, 0x0000000763400000, 0x0000000763400000|100%| O|  |TAMS 0x0000000763400000, 0x0000000763200000| Untracked 
| 282|0x0000000763400000, 0x0000000763600000, 0x0000000763600000|100%| O|  |TAMS 0x0000000763600000, 0x0000000763400000| Untracked 
| 283|0x0000000763600000, 0x0000000763800000, 0x0000000763800000|100%| O|  |TAMS 0x0000000763800000, 0x0000000763600000| Untracked 
| 284|0x0000000763800000, 0x0000000763a00000, 0x0000000763a00000|100%| O|  |TAMS 0x0000000763a00000, 0x0000000763800000| Untracked 
| 285|0x0000000763a00000, 0x0000000763c00000, 0x0000000763c00000|100%| O|  |TAMS 0x0000000763c00000, 0x0000000763a00000| Untracked 
| 286|0x0000000763c00000, 0x0000000763e00000, 0x0000000763e00000|100%| O|  |TAMS 0x0000000763e00000, 0x0000000763c00000| Untracked 
| 287|0x0000000763e00000, 0x0000000764000000, 0x0000000764000000|100%| O|  |TAMS 0x0000000764000000, 0x0000000763e00000| Untracked 
| 288|0x0000000764000000, 0x0000000764200000, 0x0000000764200000|100%| O|  |TAMS 0x0000000764200000, 0x0000000764000000| Untracked 
| 289|0x0000000764200000, 0x0000000764400000, 0x0000000764400000|100%| O|  |TAMS 0x0000000764400000, 0x0000000764200000| Untracked 
| 290|0x0000000764400000, 0x0000000764600000, 0x0000000764600000|100%| O|  |TAMS 0x0000000764600000, 0x0000000764400000| Untracked 
| 291|0x0000000764600000, 0x0000000764800000, 0x0000000764800000|100%| O|  |TAMS 0x0000000764800000, 0x0000000764600000| Untracked 
| 292|0x0000000764800000, 0x0000000764a00000, 0x0000000764a00000|100%| O|  |TAMS 0x0000000764a00000, 0x0000000764800000| Untracked 
| 293|0x0000000764a00000, 0x0000000764c00000, 0x0000000764c00000|100%| O|  |TAMS 0x0000000764c00000, 0x0000000764a00000| Untracked 
| 294|0x0000000764c00000, 0x0000000764e00000, 0x0000000764e00000|100%| O|  |TAMS 0x0000000764e00000, 0x0000000764c00000| Untracked 
| 295|0x0000000764e00000, 0x0000000765000000, 0x0000000765000000|100%| O|  |TAMS 0x0000000765000000, 0x0000000764e00000| Untracked 
| 296|0x0000000765000000, 0x0000000765200000, 0x0000000765200000|100%| O|  |TAMS 0x0000000765200000, 0x0000000765000000| Untracked 
| 297|0x0000000765200000, 0x0000000765400000, 0x0000000765400000|100%| O|  |TAMS 0x0000000765400000, 0x0000000765200000| Untracked 
| 298|0x0000000765400000, 0x0000000765600000, 0x0000000765600000|100%| O|  |TAMS 0x0000000765600000, 0x0000000765400000| Untracked 
| 299|0x0000000765600000, 0x0000000765800000, 0x0000000765800000|100%| O|  |TAMS 0x0000000765800000, 0x0000000765600000| Untracked 
| 300|0x0000000765800000, 0x0000000765a00000, 0x0000000765a00000|100%| O|  |TAMS 0x0000000765a00000, 0x0000000765800000| Untracked 
| 301|0x0000000765a00000, 0x0000000765c00000, 0x0000000765c00000|100%| O|  |TAMS 0x0000000765c00000, 0x0000000765a00000| Untracked 
| 302|0x0000000765c00000, 0x0000000765e00000, 0x0000000765e00000|100%| O|  |TAMS 0x0000000765e00000, 0x0000000765c00000| Untracked 
| 303|0x0000000765e00000, 0x0000000766000000, 0x0000000766000000|100%| O|  |TAMS 0x0000000766000000, 0x0000000765e00000| Untracked 
| 304|0x0000000766000000, 0x0000000766200000, 0x0000000766200000|100%| O|  |TAMS 0x0000000766200000, 0x0000000766000000| Untracked 
| 305|0x0000000766200000, 0x0000000766400000, 0x0000000766400000|100%| O|  |TAMS 0x0000000766400000, 0x0000000766200000| Untracked 
| 306|0x0000000766400000, 0x0000000766600000, 0x0000000766600000|100%| O|  |TAMS 0x0000000766600000, 0x0000000766400000| Untracked 
| 307|0x0000000766600000, 0x0000000766800000, 0x0000000766800000|100%| O|  |TAMS 0x0000000766800000, 0x0000000766600000| Untracked 
| 308|0x0000000766800000, 0x0000000766a00000, 0x0000000766a00000|100%| O|  |TAMS 0x0000000766a00000, 0x0000000766800000| Untracked 
| 309|0x0000000766a00000, 0x0000000766c00000, 0x0000000766c00000|100%| O|  |TAMS 0x0000000766c00000, 0x0000000766a00000| Untracked 
| 310|0x0000000766c00000, 0x0000000766e00000, 0x0000000766e00000|100%| O|  |TAMS 0x0000000766e00000, 0x0000000766c00000| Untracked 
| 311|0x0000000766e00000, 0x0000000767000000, 0x0000000767000000|100%| O|  |TAMS 0x0000000767000000, 0x0000000766e00000| Untracked 
| 312|0x0000000767000000, 0x0000000767200000, 0x0000000767200000|100%| O|  |TAMS 0x0000000767200000, 0x0000000767000000| Untracked 
| 313|0x0000000767200000, 0x0000000767400000, 0x0000000767400000|100%| O|  |TAMS 0x0000000767400000, 0x0000000767200000| Untracked 
| 314|0x0000000767400000, 0x0000000767600000, 0x0000000767600000|100%| O|  |TAMS 0x0000000767600000, 0x0000000767400000| Untracked 
| 315|0x0000000767600000, 0x0000000767800000, 0x0000000767800000|100%| O|  |TAMS 0x0000000767800000, 0x0000000767600000| Untracked 
| 316|0x0000000767800000, 0x0000000767a00000, 0x0000000767a00000|100%|HS|  |TAMS 0x0000000767800000, 0x0000000767800000| Complete 
| 317|0x0000000767a00000, 0x0000000767c00000, 0x0000000767c00000|100%| O|  |TAMS 0x0000000767c00000, 0x0000000767a00000| Complete 
| 318|0x0000000767c00000, 0x0000000767e00000, 0x0000000767e00000|100%|HS|  |TAMS 0x0000000767c00000, 0x0000000767c00000| Complete 
| 319|0x0000000767e00000, 0x0000000768000000, 0x0000000768000000|100%|HC|  |TAMS 0x0000000767e00000, 0x0000000767e00000| Complete 
| 320|0x0000000768000000, 0x0000000768200000, 0x0000000768200000|100%|HC|  |TAMS 0x0000000768000000, 0x0000000768000000| Complete 
| 321|0x0000000768200000, 0x0000000768400000, 0x0000000768400000|100%| O|  |TAMS 0x0000000768400000, 0x0000000768200000| Complete 
| 322|0x0000000768400000, 0x0000000768600000, 0x0000000768600000|100%| O|  |TAMS 0x0000000768600000, 0x0000000768400000| Untracked 
| 323|0x0000000768600000, 0x0000000768800000, 0x0000000768800000|100%|HS|  |TAMS 0x0000000768800000, 0x0000000768600000| Complete 
| 324|0x0000000768800000, 0x0000000768a00000, 0x0000000768a00000|100%|HS|  |TAMS 0x0000000768a00000, 0x0000000768800000| Complete 
| 325|0x0000000768a00000, 0x0000000768c00000, 0x0000000768c00000|100%| O|  |TAMS 0x0000000768c00000, 0x0000000768a00000| Untracked 
| 326|0x0000000768c00000, 0x0000000768e00000, 0x0000000768e00000|100%| O|  |TAMS 0x0000000768e00000, 0x0000000768c00000| Untracked 
| 327|0x0000000768e00000, 0x0000000769000000, 0x0000000769000000|100%| O|  |TAMS 0x0000000769000000, 0x0000000768e00000| Untracked 
| 328|0x0000000769000000, 0x0000000769200000, 0x0000000769200000|100%| O|  |TAMS 0x0000000769200000, 0x0000000769000000| Untracked 
| 329|0x0000000769200000, 0x0000000769400000, 0x0000000769400000|100%| O|  |TAMS 0x0000000769400000, 0x0000000769200000| Untracked 
| 330|0x0000000769400000, 0x0000000769600000, 0x0000000769600000|100%| O|  |TAMS 0x0000000769600000, 0x0000000769400000| Untracked 
| 331|0x0000000769600000, 0x0000000769800000, 0x0000000769800000|100%| O|  |TAMS 0x0000000769800000, 0x0000000769600000| Untracked 
| 332|0x0000000769800000, 0x0000000769a00000, 0x0000000769a00000|100%| O|  |TAMS 0x0000000769a00000, 0x0000000769800000| Untracked 
| 333|0x0000000769a00000, 0x0000000769c00000, 0x0000000769c00000|100%| O|  |TAMS 0x0000000769c00000, 0x0000000769a00000| Untracked 
| 334|0x0000000769c00000, 0x0000000769e00000, 0x0000000769e00000|100%| O|  |TAMS 0x0000000769e00000, 0x0000000769c00000| Untracked 
| 335|0x0000000769e00000, 0x000000076a000000, 0x000000076a000000|100%| O|  |TAMS 0x000000076a000000, 0x0000000769e00000| Untracked 
| 336|0x000000076a000000, 0x000000076a200000, 0x000000076a200000|100%| O|  |TAMS 0x000000076a200000, 0x000000076a000000| Untracked 
| 337|0x000000076a200000, 0x000000076a400000, 0x000000076a400000|100%| O|  |TAMS 0x000000076a400000, 0x000000076a200000| Untracked 
| 338|0x000000076a400000, 0x000000076a600000, 0x000000076a600000|100%| O|  |TAMS 0x000000076a600000, 0x000000076a400000| Untracked 
| 339|0x000000076a600000, 0x000000076a800000, 0x000000076a800000|100%| O|  |TAMS 0x000000076a800000, 0x000000076a600000| Untracked 
| 340|0x000000076a800000, 0x000000076a8e9400, 0x000000076aa00000| 45%| O|  |TAMS 0x000000076a8e9400, 0x000000076a800000| Untracked 
| 341|0x000000076aa00000, 0x000000076ac00000, 0x000000076ac00000|100%|HS|  |TAMS 0x000000076aa00000, 0x000000076aa00000| Complete 
| 342|0x000000076ac00000, 0x000000076ae00000, 0x000000076ae00000|100%|HC|  |TAMS 0x000000076ac00000, 0x000000076ac00000| Complete 
| 343|0x000000076ae00000, 0x000000076b000000, 0x000000076b000000|100%|HC|  |TAMS 0x000000076ae00000, 0x000000076ae00000| Complete 
| 344|0x000000076b000000, 0x000000076b200000, 0x000000076b200000|100%|HC|  |TAMS 0x000000076b000000, 0x000000076b000000| Complete 
| 345|0x000000076b200000, 0x000000076b400000, 0x000000076b400000|100%|HC|  |TAMS 0x000000076b200000, 0x000000076b200000| Complete 
| 346|0x000000076b400000, 0x000000076b600000, 0x000000076b600000|100%|HC|  |TAMS 0x000000076b400000, 0x000000076b400000| Complete 
| 347|0x000000076b600000, 0x000000076b800000, 0x000000076b800000|100%|HS|  |TAMS 0x000000076b600000, 0x000000076b600000| Complete 
| 348|0x000000076b800000, 0x000000076ba00000, 0x000000076ba00000|100%|HC|  |TAMS 0x000000076b800000, 0x000000076b800000| Complete 
| 349|0x000000076ba00000, 0x000000076bc00000, 0x000000076bc00000|100%|HC|  |TAMS 0x000000076ba00000, 0x000000076ba00000| Complete 
| 350|0x000000076bc00000, 0x000000076be00000, 0x000000076be00000|100%|HC|  |TAMS 0x000000076bc00000, 0x000000076bc00000| Complete 
| 351|0x000000076be00000, 0x000000076c000000, 0x000000076c000000|100%|HC|  |TAMS 0x000000076be00000, 0x000000076be00000| Complete 
| 352|0x000000076c000000, 0x000000076c200000, 0x000000076c200000|100%|HC|  |TAMS 0x000000076c000000, 0x000000076c000000| Complete 
| 353|0x000000076c200000, 0x000000076c400000, 0x000000076c400000|100%|HS|  |TAMS 0x000000076c200000, 0x000000076c200000| Complete 
| 354|0x000000076c400000, 0x000000076c600000, 0x000000076c600000|100%|HC|  |TAMS 0x000000076c400000, 0x000000076c400000| Complete 
| 355|0x000000076c600000, 0x000000076c800000, 0x000000076c800000|100%|HC|  |TAMS 0x000000076c600000, 0x000000076c600000| Complete 
| 356|0x000000076c800000, 0x000000076ca00000, 0x000000076ca00000|100%|HC|  |TAMS 0x000000076c800000, 0x000000076c800000| Complete 
| 357|0x000000076ca00000, 0x000000076cc00000, 0x000000076cc00000|100%|HC|  |TAMS 0x000000076ca00000, 0x000000076ca00000| Complete 
| 358|0x000000076cc00000, 0x000000076ce00000, 0x000000076ce00000|100%|HC|  |TAMS 0x000000076cc00000, 0x000000076cc00000| Complete 
| 359|0x000000076ce00000, 0x000000076d000000, 0x000000076d000000|100%|HC|  |TAMS 0x000000076ce00000, 0x000000076ce00000| Complete 
| 360|0x000000076d000000, 0x000000076d200000, 0x000000076d200000|100%|HC|  |TAMS 0x000000076d000000, 0x000000076d000000| Complete 
| 361|0x000000076d200000, 0x000000076d400000, 0x000000076d400000|100%|HC|  |TAMS 0x000000076d200000, 0x000000076d200000| Complete 
| 362|0x000000076d400000, 0x000000076d600000, 0x000000076d600000|100%|HC|  |TAMS 0x000000076d400000, 0x000000076d400000| Complete 
| 363|0x000000076d600000, 0x000000076d800000, 0x000000076d800000|100%|HC|  |TAMS 0x000000076d600000, 0x000000076d600000| Complete 
| 364|0x000000076d800000, 0x000000076da00000, 0x000000076da00000|100%|HS|  |TAMS 0x000000076d800000, 0x000000076d800000| Complete 
| 365|0x000000076da00000, 0x000000076dc00000, 0x000000076dc00000|100%|HC|  |TAMS 0x000000076da00000, 0x000000076da00000| Complete 
| 366|0x000000076dc00000, 0x000000076de00000, 0x000000076de00000|100%|HC|  |TAMS 0x000000076dc00000, 0x000000076dc00000| Complete 
| 367|0x000000076de00000, 0x000000076e000000, 0x000000076e000000|100%|HC|  |TAMS 0x000000076de00000, 0x000000076de00000| Complete 
| 368|0x000000076e000000, 0x000000076e200000, 0x000000076e200000|100%|HC|  |TAMS 0x000000076e000000, 0x000000076e000000| Complete 
| 369|0x000000076e200000, 0x000000076e400000, 0x000000076e400000|100%|HC|  |TAMS 0x000000076e200000, 0x000000076e200000| Complete 
| 370|0x000000076e400000, 0x000000076e600000, 0x000000076e600000|100%|HC|  |TAMS 0x000000076e400000, 0x000000076e400000| Complete 
| 371|0x000000076e600000, 0x000000076e800000, 0x000000076e800000|100%|HC|  |TAMS 0x000000076e600000, 0x000000076e600000| Complete 
| 372|0x000000076e800000, 0x000000076ea00000, 0x000000076ea00000|100%|HC|  |TAMS 0x000000076e800000, 0x000000076e800000| Complete 
| 373|0x000000076ea00000, 0x000000076ec00000, 0x000000076ec00000|100%|HC|  |TAMS 0x000000076ea00000, 0x000000076ea00000| Complete 
| 374|0x000000076ec00000, 0x000000076ee00000, 0x000000076ee00000|100%|HC|  |TAMS 0x000000076ec00000, 0x000000076ec00000| Complete 
| 375|0x000000076ee00000, 0x000000076f000000, 0x000000076f000000|100%|HS|  |TAMS 0x000000076ee00000, 0x000000076ee00000| Complete 
| 376|0x000000076f000000, 0x000000076f000000, 0x000000076f200000|  0%| F|  |TAMS 0x000000076f000000, 0x000000076f000000| Untracked 
| 377|0x000000076f200000, 0x000000076f200000, 0x000000076f400000|  0%| F|  |TAMS 0x000000076f200000, 0x000000076f200000| Untracked 
| 378|0x000000076f400000, 0x000000076f400000, 0x000000076f600000|  0%| F|  |TAMS 0x000000076f400000, 0x000000076f400000| Untracked 
| 379|0x000000076f600000, 0x000000076f600000, 0x000000076f800000|  0%| F|  |TAMS 0x000000076f600000, 0x000000076f600000| Untracked 
| 380|0x000000076f800000, 0x000000076f800000, 0x000000076fa00000|  0%| F|  |TAMS 0x000000076f800000, 0x000000076f800000| Untracked 
| 381|0x000000076fa00000, 0x000000076fa00000, 0x000000076fc00000|  0%| F|  |TAMS 0x000000076fa00000, 0x000000076fa00000| Untracked 
| 382|0x000000076fc00000, 0x000000076fc00000, 0x000000076fe00000|  0%| F|  |TAMS 0x000000076fc00000, 0x000000076fc00000| Untracked 
| 383|0x000000076fe00000, 0x000000076fe00000, 0x0000000770000000|  0%| F|  |TAMS 0x000000076fe00000, 0x000000076fe00000| Untracked 
| 384|0x0000000770000000, 0x0000000770000000, 0x0000000770200000|  0%| F|  |TAMS 0x0000000770000000, 0x0000000770000000| Untracked 
| 385|0x0000000770200000, 0x0000000770200000, 0x0000000770400000|  0%| F|  |TAMS 0x0000000770200000, 0x0000000770200000| Untracked 
| 386|0x0000000770400000, 0x0000000770400000, 0x0000000770600000|  0%| F|  |TAMS 0x0000000770400000, 0x0000000770400000| Untracked 
| 387|0x0000000770600000, 0x0000000770600000, 0x0000000770800000|  0%| F|  |TAMS 0x0000000770600000, 0x0000000770600000| Untracked 
| 388|0x0000000770800000, 0x0000000770800000, 0x0000000770a00000|  0%| F|  |TAMS 0x0000000770800000, 0x0000000770800000| Untracked 
| 389|0x0000000770a00000, 0x0000000770a00000, 0x0000000770c00000|  0%| F|  |TAMS 0x0000000770a00000, 0x0000000770a00000| Untracked 
| 390|0x0000000770c00000, 0x0000000770c00000, 0x0000000770e00000|  0%| F|  |TAMS 0x0000000770c00000, 0x0000000770c00000| Untracked 
| 391|0x0000000770e00000, 0x0000000770e00000, 0x0000000771000000|  0%| F|  |TAMS 0x0000000770e00000, 0x0000000770e00000| Untracked 
| 392|0x0000000771000000, 0x0000000771000000, 0x0000000771200000|  0%| F|  |TAMS 0x0000000771000000, 0x0000000771000000| Untracked 
| 393|0x0000000771200000, 0x0000000771200000, 0x0000000771400000|  0%| F|  |TAMS 0x0000000771200000, 0x0000000771200000| Untracked 
| 394|0x0000000771400000, 0x0000000771400000, 0x0000000771600000|  0%| F|  |TAMS 0x0000000771400000, 0x0000000771400000| Untracked 
| 395|0x0000000771600000, 0x0000000771600000, 0x0000000771800000|  0%| F|  |TAMS 0x0000000771600000, 0x0000000771600000| Untracked 
| 396|0x0000000771800000, 0x0000000771800000, 0x0000000771a00000|  0%| F|  |TAMS 0x0000000771800000, 0x0000000771800000| Untracked 
| 397|0x0000000771a00000, 0x0000000771a00000, 0x0000000771c00000|  0%| F|  |TAMS 0x0000000771a00000, 0x0000000771a00000| Untracked 
| 398|0x0000000771c00000, 0x0000000771c00000, 0x0000000771e00000|  0%| F|  |TAMS 0x0000000771c00000, 0x0000000771c00000| Untracked 
| 399|0x0000000771e00000, 0x0000000771e00000, 0x0000000772000000|  0%| F|  |TAMS 0x0000000771e00000, 0x0000000771e00000| Untracked 
| 400|0x0000000772000000, 0x0000000772000000, 0x0000000772200000|  0%| F|  |TAMS 0x0000000772000000, 0x0000000772000000| Untracked 
| 401|0x0000000772200000, 0x0000000772200000, 0x0000000772400000|  0%| F|  |TAMS 0x0000000772200000, 0x0000000772200000| Untracked 
| 402|0x0000000772400000, 0x0000000772400000, 0x0000000772600000|  0%| F|  |TAMS 0x0000000772400000, 0x0000000772400000| Untracked 
| 403|0x0000000772600000, 0x0000000772600000, 0x0000000772800000|  0%| F|  |TAMS 0x0000000772600000, 0x0000000772600000| Untracked 
| 404|0x0000000772800000, 0x0000000772800000, 0x0000000772a00000|  0%| F|  |TAMS 0x0000000772800000, 0x0000000772800000| Untracked 
| 405|0x0000000772a00000, 0x0000000772a00000, 0x0000000772c00000|  0%| F|  |TAMS 0x0000000772a00000, 0x0000000772a00000| Untracked 
| 406|0x0000000772c00000, 0x0000000772c00000, 0x0000000772e00000|  0%| F|  |TAMS 0x0000000772c00000, 0x0000000772c00000| Untracked 
| 407|0x0000000772e00000, 0x0000000772e00000, 0x0000000773000000|  0%| F|  |TAMS 0x0000000772e00000, 0x0000000772e00000| Untracked 
| 408|0x0000000773000000, 0x0000000773000000, 0x0000000773200000|  0%| F|  |TAMS 0x0000000773000000, 0x0000000773000000| Untracked 
| 409|0x0000000773200000, 0x0000000773200000, 0x0000000773400000|  0%| F|  |TAMS 0x0000000773200000, 0x0000000773200000| Untracked 
| 410|0x0000000773400000, 0x0000000773400000, 0x0000000773600000|  0%| F|  |TAMS 0x0000000773400000, 0x0000000773400000| Untracked 
| 411|0x0000000773600000, 0x0000000773600000, 0x0000000773800000|  0%| F|  |TAMS 0x0000000773600000, 0x0000000773600000| Untracked 
| 412|0x0000000773800000, 0x0000000773800000, 0x0000000773a00000|  0%| F|  |TAMS 0x0000000773800000, 0x0000000773800000| Untracked 
| 413|0x0000000773a00000, 0x0000000773a00000, 0x0000000773c00000|  0%| F|  |TAMS 0x0000000773a00000, 0x0000000773a00000| Untracked 
| 414|0x0000000773c00000, 0x0000000773c00000, 0x0000000773e00000|  0%| F|  |TAMS 0x0000000773c00000, 0x0000000773c00000| Untracked 
| 415|0x0000000773e00000, 0x0000000773e00000, 0x0000000774000000|  0%| F|  |TAMS 0x0000000773e00000, 0x0000000773e00000| Untracked 
| 416|0x0000000774000000, 0x0000000774000000, 0x0000000774200000|  0%| F|  |TAMS 0x0000000774000000, 0x0000000774000000| Untracked 
| 417|0x0000000774200000, 0x0000000774200000, 0x0000000774400000|  0%| F|  |TAMS 0x0000000774200000, 0x0000000774200000| Untracked 
| 418|0x0000000774400000, 0x0000000774400000, 0x0000000774600000|  0%| F|  |TAMS 0x0000000774400000, 0x0000000774400000| Untracked 
| 419|0x0000000774600000, 0x0000000774600000, 0x0000000774800000|  0%| F|  |TAMS 0x0000000774600000, 0x0000000774600000| Untracked 
| 420|0x0000000774800000, 0x0000000774800000, 0x0000000774a00000|  0%| F|  |TAMS 0x0000000774800000, 0x0000000774800000| Untracked 
| 421|0x0000000774a00000, 0x0000000774a00000, 0x0000000774c00000|  0%| F|  |TAMS 0x0000000774a00000, 0x0000000774a00000| Untracked 
| 422|0x0000000774c00000, 0x0000000774c00000, 0x0000000774e00000|  0%| F|  |TAMS 0x0000000774c00000, 0x0000000774c00000| Untracked 
| 423|0x0000000774e00000, 0x0000000774e00000, 0x0000000775000000|  0%| F|  |TAMS 0x0000000774e00000, 0x0000000774e00000| Untracked 
| 424|0x0000000775000000, 0x0000000775000000, 0x0000000775200000|  0%| F|  |TAMS 0x0000000775000000, 0x0000000775000000| Untracked 
| 425|0x0000000775200000, 0x0000000775200000, 0x0000000775400000|  0%| F|  |TAMS 0x0000000775200000, 0x0000000775200000| Untracked 
| 426|0x0000000775400000, 0x0000000775400000, 0x0000000775600000|  0%| F|  |TAMS 0x0000000775400000, 0x0000000775400000| Untracked 
| 427|0x0000000775600000, 0x0000000775600000, 0x0000000775800000|  0%| F|  |TAMS 0x0000000775600000, 0x0000000775600000| Untracked 
| 428|0x0000000775800000, 0x0000000775800000, 0x0000000775a00000|  0%| F|  |TAMS 0x0000000775800000, 0x0000000775800000| Untracked 
| 429|0x0000000775a00000, 0x0000000775a00000, 0x0000000775c00000|  0%| F|  |TAMS 0x0000000775a00000, 0x0000000775a00000| Untracked 
| 430|0x0000000775c00000, 0x0000000775c00000, 0x0000000775e00000|  0%| F|  |TAMS 0x0000000775c00000, 0x0000000775c00000| Untracked 
| 431|0x0000000775e00000, 0x0000000775e00000, 0x0000000776000000|  0%| F|  |TAMS 0x0000000775e00000, 0x0000000775e00000| Untracked 
| 432|0x0000000776000000, 0x0000000776000000, 0x0000000776200000|  0%| F|  |TAMS 0x0000000776000000, 0x0000000776000000| Untracked 
| 433|0x0000000776200000, 0x0000000776200000, 0x0000000776400000|  0%| F|  |TAMS 0x0000000776200000, 0x0000000776200000| Untracked 
| 434|0x0000000776400000, 0x0000000776400000, 0x0000000776600000|  0%| F|  |TAMS 0x0000000776400000, 0x0000000776400000| Untracked 
| 435|0x0000000776600000, 0x0000000776600000, 0x0000000776800000|  0%| F|  |TAMS 0x0000000776600000, 0x0000000776600000| Untracked 
| 436|0x0000000776800000, 0x0000000776800000, 0x0000000776a00000|  0%| F|  |TAMS 0x0000000776800000, 0x0000000776800000| Untracked 
| 437|0x0000000776a00000, 0x0000000776a00000, 0x0000000776c00000|  0%| F|  |TAMS 0x0000000776a00000, 0x0000000776a00000| Untracked 
| 438|0x0000000776c00000, 0x0000000776c00000, 0x0000000776e00000|  0%| F|  |TAMS 0x0000000776c00000, 0x0000000776c00000| Untracked 
| 439|0x0000000776e00000, 0x0000000776e00000, 0x0000000777000000|  0%| F|  |TAMS 0x0000000776e00000, 0x0000000776e00000| Untracked 
| 440|0x0000000777000000, 0x0000000777000000, 0x0000000777200000|  0%| F|  |TAMS 0x0000000777000000, 0x0000000777000000| Untracked 
| 441|0x0000000777200000, 0x0000000777200000, 0x0000000777400000|  0%| F|  |TAMS 0x0000000777200000, 0x0000000777200000| Untracked 
| 442|0x0000000777400000, 0x0000000777400000, 0x0000000777600000|  0%| F|  |TAMS 0x0000000777400000, 0x0000000777400000| Untracked 
| 443|0x0000000777600000, 0x0000000777600000, 0x0000000777800000|  0%| F|  |TAMS 0x0000000777600000, 0x0000000777600000| Untracked 
| 444|0x0000000777800000, 0x0000000777800000, 0x0000000777a00000|  0%| F|  |TAMS 0x0000000777800000, 0x0000000777800000| Untracked 
| 445|0x0000000777a00000, 0x0000000777a00000, 0x0000000777c00000|  0%| F|  |TAMS 0x0000000777a00000, 0x0000000777a00000| Untracked 
| 446|0x0000000777c00000, 0x0000000777c00000, 0x0000000777e00000|  0%| F|  |TAMS 0x0000000777c00000, 0x0000000777c00000| Untracked 
| 447|0x0000000777e00000, 0x0000000777e00000, 0x0000000778000000|  0%| F|  |TAMS 0x0000000777e00000, 0x0000000777e00000| Untracked 
| 448|0x0000000778000000, 0x0000000778000000, 0x0000000778200000|  0%| F|  |TAMS 0x0000000778000000, 0x0000000778000000| Untracked 
| 449|0x0000000778200000, 0x0000000778200000, 0x0000000778400000|  0%| F|  |TAMS 0x0000000778200000, 0x0000000778200000| Untracked 
| 450|0x0000000778400000, 0x0000000778400000, 0x0000000778600000|  0%| F|  |TAMS 0x0000000778400000, 0x0000000778400000| Untracked 
| 451|0x0000000778600000, 0x0000000778600000, 0x0000000778800000|  0%| F|  |TAMS 0x0000000778600000, 0x0000000778600000| Untracked 
| 452|0x0000000778800000, 0x0000000778800000, 0x0000000778a00000|  0%| F|  |TAMS 0x0000000778800000, 0x0000000778800000| Untracked 
| 453|0x0000000778a00000, 0x0000000778a00000, 0x0000000778c00000|  0%| F|  |TAMS 0x0000000778a00000, 0x0000000778a00000| Untracked 
| 454|0x0000000778c00000, 0x0000000778c00000, 0x0000000778e00000|  0%| F|  |TAMS 0x0000000778c00000, 0x0000000778c00000| Untracked 
| 455|0x0000000778e00000, 0x0000000778e00000, 0x0000000779000000|  0%| F|  |TAMS 0x0000000778e00000, 0x0000000778e00000| Untracked 
| 456|0x0000000779000000, 0x0000000779000000, 0x0000000779200000|  0%| F|  |TAMS 0x0000000779000000, 0x0000000779000000| Untracked 
| 457|0x0000000779200000, 0x0000000779200000, 0x0000000779400000|  0%| F|  |TAMS 0x0000000779200000, 0x0000000779200000| Untracked 
| 458|0x0000000779400000, 0x0000000779400000, 0x0000000779600000|  0%| F|  |TAMS 0x0000000779400000, 0x0000000779400000| Untracked 
| 459|0x0000000779600000, 0x0000000779600000, 0x0000000779800000|  0%| F|  |TAMS 0x0000000779600000, 0x0000000779600000| Untracked 
| 460|0x0000000779800000, 0x0000000779800000, 0x0000000779a00000|  0%| F|  |TAMS 0x0000000779800000, 0x0000000779800000| Untracked 
| 461|0x0000000779a00000, 0x0000000779a00000, 0x0000000779c00000|  0%| F|  |TAMS 0x0000000779a00000, 0x0000000779a00000| Untracked 
| 462|0x0000000779c00000, 0x0000000779c00000, 0x0000000779e00000|  0%| F|  |TAMS 0x0000000779c00000, 0x0000000779c00000| Untracked 
| 463|0x0000000779e00000, 0x0000000779e00000, 0x000000077a000000|  0%| F|  |TAMS 0x0000000779e00000, 0x0000000779e00000| Untracked 
| 464|0x000000077a000000, 0x000000077a000000, 0x000000077a200000|  0%| F|  |TAMS 0x000000077a000000, 0x000000077a000000| Untracked 
| 465|0x000000077a200000, 0x000000077a200000, 0x000000077a400000|  0%| F|  |TAMS 0x000000077a200000, 0x000000077a200000| Untracked 
| 466|0x000000077a400000, 0x000000077a400000, 0x000000077a600000|  0%| F|  |TAMS 0x000000077a400000, 0x000000077a400000| Untracked 
| 467|0x000000077a600000, 0x000000077a600000, 0x000000077a800000|  0%| F|  |TAMS 0x000000077a600000, 0x000000077a600000| Untracked 
| 468|0x000000077a800000, 0x000000077a800000, 0x000000077aa00000|  0%| F|  |TAMS 0x000000077a800000, 0x000000077a800000| Untracked 
| 469|0x000000077aa00000, 0x000000077aa00000, 0x000000077ac00000|  0%| F|  |TAMS 0x000000077aa00000, 0x000000077aa00000| Untracked 
| 470|0x000000077ac00000, 0x000000077ac00000, 0x000000077ae00000|  0%| F|  |TAMS 0x000000077ac00000, 0x000000077ac00000| Untracked 
| 471|0x000000077ae00000, 0x000000077ae00000, 0x000000077b000000|  0%| F|  |TAMS 0x000000077ae00000, 0x000000077ae00000| Untracked 
| 472|0x000000077b000000, 0x000000077b000000, 0x000000077b200000|  0%| F|  |TAMS 0x000000077b000000, 0x000000077b000000| Untracked 
| 473|0x000000077b200000, 0x000000077b200000, 0x000000077b400000|  0%| F|  |TAMS 0x000000077b200000, 0x000000077b200000| Untracked 
| 474|0x000000077b400000, 0x000000077b400000, 0x000000077b600000|  0%| F|  |TAMS 0x000000077b400000, 0x000000077b400000| Untracked 
| 475|0x000000077b600000, 0x000000077b600000, 0x000000077b800000|  0%| F|  |TAMS 0x000000077b600000, 0x000000077b600000| Untracked 
| 476|0x000000077b800000, 0x000000077b800000, 0x000000077ba00000|  0%| F|  |TAMS 0x000000077b800000, 0x000000077b800000| Untracked 
| 477|0x000000077ba00000, 0x000000077ba00000, 0x000000077bc00000|  0%| F|  |TAMS 0x000000077ba00000, 0x000000077ba00000| Untracked 
| 478|0x000000077bc00000, 0x000000077bc00000, 0x000000077be00000|  0%| F|  |TAMS 0x000000077bc00000, 0x000000077bc00000| Untracked 
| 479|0x000000077be00000, 0x000000077be00000, 0x000000077c000000|  0%| F|  |TAMS 0x000000077be00000, 0x000000077be00000| Untracked 
| 480|0x000000077c000000, 0x000000077c000000, 0x000000077c200000|  0%| F|  |TAMS 0x000000077c000000, 0x000000077c000000| Untracked 
| 481|0x000000077c200000, 0x000000077c200000, 0x000000077c400000|  0%| F|  |TAMS 0x000000077c200000, 0x000000077c200000| Untracked 
| 482|0x000000077c400000, 0x000000077c400000, 0x000000077c600000|  0%| F|  |TAMS 0x000000077c400000, 0x000000077c400000| Untracked 
| 483|0x000000077c600000, 0x000000077c600000, 0x000000077c800000|  0%| F|  |TAMS 0x000000077c600000, 0x000000077c600000| Untracked 
| 484|0x000000077c800000, 0x000000077c800000, 0x000000077ca00000|  0%| F|  |TAMS 0x000000077c800000, 0x000000077c800000| Untracked 
| 485|0x000000077ca00000, 0x000000077ca00000, 0x000000077cc00000|  0%| F|  |TAMS 0x000000077ca00000, 0x000000077ca00000| Untracked 
| 486|0x000000077cc00000, 0x000000077cc00000, 0x000000077ce00000|  0%| F|  |TAMS 0x000000077cc00000, 0x000000077cc00000| Untracked 
| 487|0x000000077ce00000, 0x000000077ce00000, 0x000000077d000000|  0%| F|  |TAMS 0x000000077ce00000, 0x000000077ce00000| Untracked 
| 488|0x000000077d000000, 0x000000077d000000, 0x000000077d200000|  0%| F|  |TAMS 0x000000077d000000, 0x000000077d000000| Untracked 
| 489|0x000000077d200000, 0x000000077d200000, 0x000000077d400000|  0%| F|  |TAMS 0x000000077d200000, 0x000000077d200000| Untracked 
| 490|0x000000077d400000, 0x000000077d400000, 0x000000077d600000|  0%| F|  |TAMS 0x000000077d400000, 0x000000077d400000| Untracked 
| 491|0x000000077d600000, 0x000000077d600000, 0x000000077d800000|  0%| F|  |TAMS 0x000000077d600000, 0x000000077d600000| Untracked 
| 492|0x000000077d800000, 0x000000077d800000, 0x000000077da00000|  0%| F|  |TAMS 0x000000077d800000, 0x000000077d800000| Untracked 
| 493|0x000000077da00000, 0x000000077da00000, 0x000000077dc00000|  0%| F|  |TAMS 0x000000077da00000, 0x000000077da00000| Untracked 
| 494|0x000000077dc00000, 0x000000077dc00000, 0x000000077de00000|  0%| F|  |TAMS 0x000000077dc00000, 0x000000077dc00000| Untracked 
| 495|0x000000077de00000, 0x000000077de00000, 0x000000077e000000|  0%| F|  |TAMS 0x000000077de00000, 0x000000077de00000| Untracked 
| 496|0x000000077e000000, 0x000000077e000000, 0x000000077e200000|  0%| F|  |TAMS 0x000000077e000000, 0x000000077e000000| Untracked 
| 497|0x000000077e200000, 0x000000077e200000, 0x000000077e400000|  0%| F|  |TAMS 0x000000077e200000, 0x000000077e200000| Untracked 
| 498|0x000000077e400000, 0x000000077e400000, 0x000000077e600000|  0%| F|  |TAMS 0x000000077e400000, 0x000000077e400000| Untracked 
| 499|0x000000077e600000, 0x000000077e600000, 0x000000077e800000|  0%| F|  |TAMS 0x000000077e600000, 0x000000077e600000| Untracked 
| 500|0x000000077e800000, 0x000000077e800000, 0x000000077ea00000|  0%| F|  |TAMS 0x000000077e800000, 0x000000077e800000| Untracked 
| 501|0x000000077ea00000, 0x000000077ea00000, 0x000000077ec00000|  0%| F|  |TAMS 0x000000077ea00000, 0x000000077ea00000| Untracked 
| 502|0x000000077ec00000, 0x000000077ec00000, 0x000000077ee00000|  0%| F|  |TAMS 0x000000077ec00000, 0x000000077ec00000| Untracked 
| 503|0x000000077ee00000, 0x000000077ee00000, 0x000000077f000000|  0%| F|  |TAMS 0x000000077ee00000, 0x000000077ee00000| Untracked 
| 504|0x000000077f000000, 0x000000077f000000, 0x000000077f200000|  0%| F|  |TAMS 0x000000077f000000, 0x000000077f000000| Untracked 
| 505|0x000000077f200000, 0x000000077f200000, 0x000000077f400000|  0%| F|  |TAMS 0x000000077f200000, 0x000000077f200000| Untracked 
| 506|0x000000077f400000, 0x000000077f400000, 0x000000077f600000|  0%| F|  |TAMS 0x000000077f400000, 0x000000077f400000| Untracked 
| 507|0x000000077f600000, 0x000000077f600000, 0x000000077f800000|  0%| F|  |TAMS 0x000000077f600000, 0x000000077f600000| Untracked 
| 508|0x000000077f800000, 0x000000077f800000, 0x000000077fa00000|  0%| F|  |TAMS 0x000000077f800000, 0x000000077f800000| Untracked 
| 509|0x000000077fa00000, 0x000000077fa00000, 0x000000077fc00000|  0%| F|  |TAMS 0x000000077fa00000, 0x000000077fa00000| Untracked 
| 510|0x000000077fc00000, 0x000000077fc00000, 0x000000077fe00000|  0%| F|  |TAMS 0x000000077fc00000, 0x000000077fc00000| Untracked 
| 511|0x000000077fe00000, 0x000000077fe00000, 0x0000000780000000|  0%| F|  |TAMS 0x000000077fe00000, 0x000000077fe00000| Untracked 
| 512|0x0000000780000000, 0x0000000780000000, 0x0000000780200000|  0%| F|  |TAMS 0x0000000780000000, 0x0000000780000000| Untracked 
| 513|0x0000000780200000, 0x0000000780200000, 0x0000000780400000|  0%| F|  |TAMS 0x0000000780200000, 0x0000000780200000| Untracked 
| 514|0x0000000780400000, 0x0000000780400000, 0x0000000780600000|  0%| F|  |TAMS 0x0000000780400000, 0x0000000780400000| Untracked 
| 515|0x0000000780600000, 0x0000000780600000, 0x0000000780800000|  0%| F|  |TAMS 0x0000000780600000, 0x0000000780600000| Untracked 
| 516|0x0000000780800000, 0x0000000780800000, 0x0000000780a00000|  0%| F|  |TAMS 0x0000000780800000, 0x0000000780800000| Untracked 
| 517|0x0000000780a00000, 0x0000000780a00000, 0x0000000780c00000|  0%| F|  |TAMS 0x0000000780a00000, 0x0000000780a00000| Untracked 
| 518|0x0000000780c00000, 0x0000000780c00000, 0x0000000780e00000|  0%| F|  |TAMS 0x0000000780c00000, 0x0000000780c00000| Untracked 
| 519|0x0000000780e00000, 0x0000000780e00000, 0x0000000781000000|  0%| F|  |TAMS 0x0000000780e00000, 0x0000000780e00000| Untracked 
| 520|0x0000000781000000, 0x0000000781000000, 0x0000000781200000|  0%| F|  |TAMS 0x0000000781000000, 0x0000000781000000| Untracked 
| 521|0x0000000781200000, 0x0000000781200000, 0x0000000781400000|  0%| F|  |TAMS 0x0000000781200000, 0x0000000781200000| Untracked 
| 522|0x0000000781400000, 0x0000000781400000, 0x0000000781600000|  0%| F|  |TAMS 0x0000000781400000, 0x0000000781400000| Untracked 
| 523|0x0000000781600000, 0x0000000781600000, 0x0000000781800000|  0%| F|  |TAMS 0x0000000781600000, 0x0000000781600000| Untracked 
| 524|0x0000000781800000, 0x0000000781800000, 0x0000000781a00000|  0%| F|  |TAMS 0x0000000781800000, 0x0000000781800000| Untracked 
| 525|0x0000000781a00000, 0x0000000781a00000, 0x0000000781c00000|  0%| F|  |TAMS 0x0000000781a00000, 0x0000000781a00000| Untracked 
| 526|0x0000000781c00000, 0x0000000781c00000, 0x0000000781e00000|  0%| F|  |TAMS 0x0000000781c00000, 0x0000000781c00000| Untracked 
| 527|0x0000000781e00000, 0x0000000781e00000, 0x0000000782000000|  0%| F|  |TAMS 0x0000000781e00000, 0x0000000781e00000| Untracked 
| 528|0x0000000782000000, 0x0000000782000000, 0x0000000782200000|  0%| F|  |TAMS 0x0000000782000000, 0x0000000782000000| Untracked 
| 529|0x0000000782200000, 0x0000000782200000, 0x0000000782400000|  0%| F|  |TAMS 0x0000000782200000, 0x0000000782200000| Untracked 
| 530|0x0000000782400000, 0x0000000782400000, 0x0000000782600000|  0%| F|  |TAMS 0x0000000782400000, 0x0000000782400000| Untracked 
| 531|0x0000000782600000, 0x0000000782600000, 0x0000000782800000|  0%| F|  |TAMS 0x0000000782600000, 0x0000000782600000| Untracked 
| 532|0x0000000782800000, 0x0000000782800000, 0x0000000782a00000|  0%| F|  |TAMS 0x0000000782800000, 0x0000000782800000| Untracked 
| 533|0x0000000782a00000, 0x0000000782a00000, 0x0000000782c00000|  0%| F|  |TAMS 0x0000000782a00000, 0x0000000782a00000| Untracked 
| 534|0x0000000782c00000, 0x0000000782c00000, 0x0000000782e00000|  0%| F|  |TAMS 0x0000000782c00000, 0x0000000782c00000| Untracked 
| 535|0x0000000782e00000, 0x0000000782e00000, 0x0000000783000000|  0%| F|  |TAMS 0x0000000782e00000, 0x0000000782e00000| Untracked 
| 536|0x0000000783000000, 0x0000000783000000, 0x0000000783200000|  0%| F|  |TAMS 0x0000000783000000, 0x0000000783000000| Untracked 
| 537|0x0000000783200000, 0x0000000783200000, 0x0000000783400000|  0%| F|  |TAMS 0x0000000783200000, 0x0000000783200000| Untracked 
| 538|0x0000000783400000, 0x0000000783400000, 0x0000000783600000|  0%| F|  |TAMS 0x0000000783400000, 0x0000000783400000| Untracked 
| 539|0x0000000783600000, 0x0000000783600000, 0x0000000783800000|  0%| F|  |TAMS 0x0000000783600000, 0x0000000783600000| Untracked 
| 540|0x0000000783800000, 0x0000000783800000, 0x0000000783a00000|  0%| F|  |TAMS 0x0000000783800000, 0x0000000783800000| Untracked 
| 541|0x0000000783a00000, 0x0000000783a00000, 0x0000000783c00000|  0%| F|  |TAMS 0x0000000783a00000, 0x0000000783a00000| Untracked 
| 542|0x0000000783c00000, 0x0000000783c00000, 0x0000000783e00000|  0%| F|  |TAMS 0x0000000783c00000, 0x0000000783c00000| Untracked 
| 543|0x0000000783e00000, 0x0000000783e00000, 0x0000000784000000|  0%| F|  |TAMS 0x0000000783e00000, 0x0000000783e00000| Untracked 
| 544|0x0000000784000000, 0x0000000784000000, 0x0000000784200000|  0%| F|  |TAMS 0x0000000784000000, 0x0000000784000000| Untracked 
| 545|0x0000000784200000, 0x0000000784200000, 0x0000000784400000|  0%| F|  |TAMS 0x0000000784200000, 0x0000000784200000| Untracked 
| 546|0x0000000784400000, 0x0000000784400000, 0x0000000784600000|  0%| F|  |TAMS 0x0000000784400000, 0x0000000784400000| Untracked 
| 547|0x0000000784600000, 0x0000000784600000, 0x0000000784800000|  0%| F|  |TAMS 0x0000000784600000, 0x0000000784600000| Untracked 
| 548|0x0000000784800000, 0x0000000784800000, 0x0000000784a00000|  0%| F|  |TAMS 0x0000000784800000, 0x0000000784800000| Untracked 
| 549|0x0000000784a00000, 0x0000000784a00000, 0x0000000784c00000|  0%| F|  |TAMS 0x0000000784a00000, 0x0000000784a00000| Untracked 
| 550|0x0000000784c00000, 0x0000000784c00000, 0x0000000784e00000|  0%| F|  |TAMS 0x0000000784c00000, 0x0000000784c00000| Untracked 
| 551|0x0000000784e00000, 0x0000000784e00000, 0x0000000785000000|  0%| F|  |TAMS 0x0000000784e00000, 0x0000000784e00000| Untracked 
| 552|0x0000000785000000, 0x0000000785000000, 0x0000000785200000|  0%| F|  |TAMS 0x0000000785000000, 0x0000000785000000| Untracked 
| 553|0x0000000785200000, 0x0000000785200000, 0x0000000785400000|  0%| F|  |TAMS 0x0000000785200000, 0x0000000785200000| Untracked 
| 554|0x0000000785400000, 0x0000000785400000, 0x0000000785600000|  0%| F|  |TAMS 0x0000000785400000, 0x0000000785400000| Untracked 
| 555|0x0000000785600000, 0x0000000785600000, 0x0000000785800000|  0%| F|  |TAMS 0x0000000785600000, 0x0000000785600000| Untracked 
| 556|0x0000000785800000, 0x0000000785800000, 0x0000000785a00000|  0%| F|  |TAMS 0x0000000785800000, 0x0000000785800000| Untracked 
| 557|0x0000000785a00000, 0x0000000785a00000, 0x0000000785c00000|  0%| F|  |TAMS 0x0000000785a00000, 0x0000000785a00000| Untracked 
| 558|0x0000000785c00000, 0x0000000785c00000, 0x0000000785e00000|  0%| F|  |TAMS 0x0000000785c00000, 0x0000000785c00000| Untracked 
| 559|0x0000000785e00000, 0x0000000785e00000, 0x0000000786000000|  0%| F|  |TAMS 0x0000000785e00000, 0x0000000785e00000| Untracked 
| 560|0x0000000786000000, 0x0000000786000000, 0x0000000786200000|  0%| F|  |TAMS 0x0000000786000000, 0x0000000786000000| Untracked 
| 561|0x0000000786200000, 0x0000000786200000, 0x0000000786400000|  0%| F|  |TAMS 0x0000000786200000, 0x0000000786200000| Untracked 
| 562|0x0000000786400000, 0x0000000786400000, 0x0000000786600000|  0%| F|  |TAMS 0x0000000786400000, 0x0000000786400000| Untracked 
| 563|0x0000000786600000, 0x0000000786600000, 0x0000000786800000|  0%| F|  |TAMS 0x0000000786600000, 0x0000000786600000| Untracked 
| 564|0x0000000786800000, 0x0000000786800000, 0x0000000786a00000|  0%| F|  |TAMS 0x0000000786800000, 0x0000000786800000| Untracked 
| 565|0x0000000786a00000, 0x0000000786a00000, 0x0000000786c00000|  0%| F|  |TAMS 0x0000000786a00000, 0x0000000786a00000| Untracked 
| 566|0x0000000786c00000, 0x0000000786c00000, 0x0000000786e00000|  0%| F|  |TAMS 0x0000000786c00000, 0x0000000786c00000| Untracked 
| 567|0x0000000786e00000, 0x0000000786e00000, 0x0000000787000000|  0%| F|  |TAMS 0x0000000786e00000, 0x0000000786e00000| Untracked 
| 568|0x0000000787000000, 0x0000000787000000, 0x0000000787200000|  0%| F|  |TAMS 0x0000000787000000, 0x0000000787000000| Untracked 
| 569|0x0000000787200000, 0x0000000787200000, 0x0000000787400000|  0%| F|  |TAMS 0x0000000787200000, 0x0000000787200000| Untracked 
| 570|0x0000000787400000, 0x0000000787400000, 0x0000000787600000|  0%| F|  |TAMS 0x0000000787400000, 0x0000000787400000| Untracked 
| 571|0x0000000787600000, 0x0000000787600000, 0x0000000787800000|  0%| F|  |TAMS 0x0000000787600000, 0x0000000787600000| Untracked 
| 572|0x0000000787800000, 0x0000000787800000, 0x0000000787a00000|  0%| F|  |TAMS 0x0000000787800000, 0x0000000787800000| Untracked 
| 573|0x0000000787a00000, 0x0000000787a00000, 0x0000000787c00000|  0%| F|  |TAMS 0x0000000787a00000, 0x0000000787a00000| Untracked 
| 574|0x0000000787c00000, 0x0000000787c00000, 0x0000000787e00000|  0%| F|  |TAMS 0x0000000787c00000, 0x0000000787c00000| Untracked 
| 575|0x0000000787e00000, 0x0000000787e00000, 0x0000000788000000|  0%| F|  |TAMS 0x0000000787e00000, 0x0000000787e00000| Untracked 
| 576|0x0000000788000000, 0x0000000788000000, 0x0000000788200000|  0%| F|  |TAMS 0x0000000788000000, 0x0000000788000000| Untracked 
| 577|0x0000000788200000, 0x0000000788200000, 0x0000000788400000|  0%| F|  |TAMS 0x0000000788200000, 0x0000000788200000| Untracked 
| 578|0x0000000788400000, 0x0000000788400000, 0x0000000788600000|  0%| F|  |TAMS 0x0000000788400000, 0x0000000788400000| Untracked 
| 579|0x0000000788600000, 0x0000000788600000, 0x0000000788800000|  0%| F|  |TAMS 0x0000000788600000, 0x0000000788600000| Untracked 
| 580|0x0000000788800000, 0x0000000788800000, 0x0000000788a00000|  0%| F|  |TAMS 0x0000000788800000, 0x0000000788800000| Untracked 
| 581|0x0000000788a00000, 0x0000000788a00000, 0x0000000788c00000|  0%| F|  |TAMS 0x0000000788a00000, 0x0000000788a00000| Untracked 
| 582|0x0000000788c00000, 0x0000000788c00000, 0x0000000788e00000|  0%| F|  |TAMS 0x0000000788c00000, 0x0000000788c00000| Untracked 
| 583|0x0000000788e00000, 0x0000000788e00000, 0x0000000789000000|  0%| F|  |TAMS 0x0000000788e00000, 0x0000000788e00000| Untracked 
| 584|0x0000000789000000, 0x0000000789000000, 0x0000000789200000|  0%| F|  |TAMS 0x0000000789000000, 0x0000000789000000| Untracked 
| 585|0x0000000789200000, 0x0000000789200000, 0x0000000789400000|  0%| F|  |TAMS 0x0000000789200000, 0x0000000789200000| Untracked 
| 586|0x0000000789400000, 0x0000000789400000, 0x0000000789600000|  0%| F|  |TAMS 0x0000000789400000, 0x0000000789400000| Untracked 
| 587|0x0000000789600000, 0x0000000789600000, 0x0000000789800000|  0%| F|  |TAMS 0x0000000789600000, 0x0000000789600000| Untracked 
| 588|0x0000000789800000, 0x0000000789800000, 0x0000000789a00000|  0%| F|  |TAMS 0x0000000789800000, 0x0000000789800000| Untracked 
| 589|0x0000000789a00000, 0x0000000789a00000, 0x0000000789c00000|  0%| F|  |TAMS 0x0000000789a00000, 0x0000000789a00000| Untracked 
| 590|0x0000000789c00000, 0x0000000789c00000, 0x0000000789e00000|  0%| F|  |TAMS 0x0000000789c00000, 0x0000000789c00000| Untracked 
| 591|0x0000000789e00000, 0x0000000789e00000, 0x000000078a000000|  0%| F|  |TAMS 0x0000000789e00000, 0x0000000789e00000| Untracked 
| 592|0x000000078a000000, 0x000000078a000000, 0x000000078a200000|  0%| F|  |TAMS 0x000000078a000000, 0x000000078a000000| Untracked 
| 593|0x000000078a200000, 0x000000078a200000, 0x000000078a400000|  0%| F|  |TAMS 0x000000078a200000, 0x000000078a200000| Untracked 
| 594|0x000000078a400000, 0x000000078a400000, 0x000000078a600000|  0%| F|  |TAMS 0x000000078a400000, 0x000000078a400000| Untracked 
| 595|0x000000078a600000, 0x000000078a711918, 0x000000078a800000| 53%| E|  |TAMS 0x000000078a600000, 0x000000078a600000| Complete 
| 596|0x000000078a800000, 0x000000078aa00000, 0x000000078aa00000|100%| E|CS|TAMS 0x000000078a800000, 0x000000078a800000| Complete 
| 597|0x000000078aa00000, 0x000000078ac00000, 0x000000078ac00000|100%| E|CS|TAMS 0x000000078aa00000, 0x000000078aa00000| Complete 
| 598|0x000000078ac00000, 0x000000078ae00000, 0x000000078ae00000|100%| E|CS|TAMS 0x000000078ac00000, 0x000000078ac00000| Complete 
| 599|0x000000078ae00000, 0x000000078b000000, 0x000000078b000000|100%| E|CS|TAMS 0x000000078ae00000, 0x000000078ae00000| Complete 
| 600|0x000000078b000000, 0x000000078b200000, 0x000000078b200000|100%| E|CS|TAMS 0x000000078b000000, 0x000000078b000000| Complete 
| 601|0x000000078b200000, 0x000000078b400000, 0x000000078b400000|100%| E|CS|TAMS 0x000000078b200000, 0x000000078b200000| Complete 
| 602|0x000000078b400000, 0x000000078b600000, 0x000000078b600000|100%| E|CS|TAMS 0x000000078b400000, 0x000000078b400000| Complete 
| 603|0x000000078b600000, 0x000000078b800000, 0x000000078b800000|100%| E|CS|TAMS 0x000000078b600000, 0x000000078b600000| Complete 
| 604|0x000000078b800000, 0x000000078ba00000, 0x000000078ba00000|100%| E|CS|TAMS 0x000000078b800000, 0x000000078b800000| Complete 
| 605|0x000000078ba00000, 0x000000078bc00000, 0x000000078bc00000|100%| E|CS|TAMS 0x000000078ba00000, 0x000000078ba00000| Complete 
| 606|0x000000078bc00000, 0x000000078be00000, 0x000000078be00000|100%| E|CS|TAMS 0x000000078bc00000, 0x000000078bc00000| Complete 
| 607|0x000000078be00000, 0x000000078c000000, 0x000000078c000000|100%| E|CS|TAMS 0x000000078be00000, 0x000000078be00000| Complete 
| 608|0x000000078c000000, 0x000000078c200000, 0x000000078c200000|100%| E|CS|TAMS 0x000000078c000000, 0x000000078c000000| Complete 
| 609|0x000000078c200000, 0x000000078c400000, 0x000000078c400000|100%| E|CS|TAMS 0x000000078c200000, 0x000000078c200000| Complete 
| 610|0x000000078c400000, 0x000000078c600000, 0x000000078c600000|100%| E|CS|TAMS 0x000000078c400000, 0x000000078c400000| Complete 
| 611|0x000000078c600000, 0x000000078c800000, 0x000000078c800000|100%| E|CS|TAMS 0x000000078c600000, 0x000000078c600000| Complete 
| 612|0x000000078c800000, 0x000000078ca00000, 0x000000078ca00000|100%| E|CS|TAMS 0x000000078c800000, 0x000000078c800000| Complete 
| 613|0x000000078ca00000, 0x000000078cc00000, 0x000000078cc00000|100%| E|CS|TAMS 0x000000078ca00000, 0x000000078ca00000| Complete 
| 614|0x000000078cc00000, 0x000000078ce00000, 0x000000078ce00000|100%| E|CS|TAMS 0x000000078cc00000, 0x000000078cc00000| Complete 
| 615|0x000000078ce00000, 0x000000078d000000, 0x000000078d000000|100%| E|CS|TAMS 0x000000078ce00000, 0x000000078ce00000| Complete 
| 616|0x000000078d000000, 0x000000078d200000, 0x000000078d200000|100%| E|CS|TAMS 0x000000078d000000, 0x000000078d000000| Complete 
| 617|0x000000078d200000, 0x000000078d400000, 0x000000078d400000|100%| E|CS|TAMS 0x000000078d200000, 0x000000078d200000| Complete 
| 618|0x000000078d400000, 0x000000078d600000, 0x000000078d600000|100%| E|CS|TAMS 0x000000078d400000, 0x000000078d400000| Complete 
| 619|0x000000078d600000, 0x000000078d800000, 0x000000078d800000|100%| E|CS|TAMS 0x000000078d600000, 0x000000078d600000| Complete 
| 620|0x000000078d800000, 0x000000078da00000, 0x000000078da00000|100%| E|CS|TAMS 0x000000078d800000, 0x000000078d800000| Complete 
| 621|0x000000078da00000, 0x000000078dc00000, 0x000000078dc00000|100%| E|CS|TAMS 0x000000078da00000, 0x000000078da00000| Complete 
| 622|0x000000078dc00000, 0x000000078de00000, 0x000000078de00000|100%| E|CS|TAMS 0x000000078dc00000, 0x000000078dc00000| Complete 
| 623|0x000000078de00000, 0x000000078e000000, 0x000000078e000000|100%| E|CS|TAMS 0x000000078de00000, 0x000000078de00000| Complete 
| 624|0x000000078e000000, 0x000000078e200000, 0x000000078e200000|100%| E|CS|TAMS 0x000000078e000000, 0x000000078e000000| Complete 
| 625|0x000000078e200000, 0x000000078e400000, 0x000000078e400000|100%| E|CS|TAMS 0x000000078e200000, 0x000000078e200000| Complete 
| 626|0x000000078e400000, 0x000000078e600000, 0x000000078e600000|100%| E|CS|TAMS 0x000000078e400000, 0x000000078e400000| Complete 
| 627|0x000000078e600000, 0x000000078e800000, 0x000000078e800000|100%| E|CS|TAMS 0x000000078e600000, 0x000000078e600000| Complete 
| 628|0x000000078e800000, 0x000000078ea00000, 0x000000078ea00000|100%| E|CS|TAMS 0x000000078e800000, 0x000000078e800000| Complete 
| 629|0x000000078ea00000, 0x000000078ec00000, 0x000000078ec00000|100%| E|CS|TAMS 0x000000078ea00000, 0x000000078ea00000| Complete 
| 630|0x000000078ec00000, 0x000000078ee00000, 0x000000078ee00000|100%| E|CS|TAMS 0x000000078ec00000, 0x000000078ec00000| Complete 
| 631|0x000000078ee00000, 0x000000078f000000, 0x000000078f000000|100%| E|CS|TAMS 0x000000078ee00000, 0x000000078ee00000| Complete 
| 632|0x000000078f000000, 0x000000078f200000, 0x000000078f200000|100%| E|CS|TAMS 0x000000078f000000, 0x000000078f000000| Complete 
| 633|0x000000078f200000, 0x000000078f400000, 0x000000078f400000|100%| E|CS|TAMS 0x000000078f200000, 0x000000078f200000| Complete 
| 634|0x000000078f400000, 0x000000078f600000, 0x000000078f600000|100%| E|CS|TAMS 0x000000078f400000, 0x000000078f400000| Complete 
| 635|0x000000078f600000, 0x000000078f800000, 0x000000078f800000|100%| E|CS|TAMS 0x000000078f600000, 0x000000078f600000| Complete 
| 636|0x000000078f800000, 0x000000078fa00000, 0x000000078fa00000|100%| E|CS|TAMS 0x000000078f800000, 0x000000078f800000| Complete 
| 637|0x000000078fa00000, 0x000000078fc00000, 0x000000078fc00000|100%| E|CS|TAMS 0x000000078fa00000, 0x000000078fa00000| Complete 
| 638|0x000000078fc00000, 0x000000078fe00000, 0x000000078fe00000|100%| E|CS|TAMS 0x000000078fc00000, 0x000000078fc00000| Complete 
| 639|0x000000078fe00000, 0x0000000790000000, 0x0000000790000000|100%| E|CS|TAMS 0x000000078fe00000, 0x000000078fe00000| Complete 
| 640|0x0000000790000000, 0x0000000790200000, 0x0000000790200000|100%| E|CS|TAMS 0x0000000790000000, 0x0000000790000000| Complete 
| 641|0x0000000790200000, 0x0000000790400000, 0x0000000790400000|100%| E|CS|TAMS 0x0000000790200000, 0x0000000790200000| Complete 
| 642|0x0000000790400000, 0x0000000790600000, 0x0000000790600000|100%| E|CS|TAMS 0x0000000790400000, 0x0000000790400000| Complete 
| 643|0x0000000790600000, 0x0000000790800000, 0x0000000790800000|100%| E|CS|TAMS 0x0000000790600000, 0x0000000790600000| Complete 
| 644|0x0000000790800000, 0x0000000790a00000, 0x0000000790a00000|100%| E|CS|TAMS 0x0000000790800000, 0x0000000790800000| Complete 
| 645|0x0000000790a00000, 0x0000000790c00000, 0x0000000790c00000|100%| E|CS|TAMS 0x0000000790a00000, 0x0000000790a00000| Complete 
| 646|0x0000000790c00000, 0x0000000790e00000, 0x0000000790e00000|100%| E|CS|TAMS 0x0000000790c00000, 0x0000000790c00000| Complete 
| 647|0x0000000790e00000, 0x0000000791000000, 0x0000000791000000|100%| E|CS|TAMS 0x0000000790e00000, 0x0000000790e00000| Complete 
| 648|0x0000000791000000, 0x0000000791200000, 0x0000000791200000|100%| E|CS|TAMS 0x0000000791000000, 0x0000000791000000| Complete 
| 649|0x0000000791200000, 0x0000000791400000, 0x0000000791400000|100%| E|CS|TAMS 0x0000000791200000, 0x0000000791200000| Complete 
| 650|0x0000000791400000, 0x0000000791600000, 0x0000000791600000|100%| E|CS|TAMS 0x0000000791400000, 0x0000000791400000| Complete 
| 651|0x0000000791600000, 0x0000000791800000, 0x0000000791800000|100%| E|CS|TAMS 0x0000000791600000, 0x0000000791600000| Complete 
| 652|0x0000000791800000, 0x0000000791a00000, 0x0000000791a00000|100%| E|CS|TAMS 0x0000000791800000, 0x0000000791800000| Complete 
| 653|0x0000000791a00000, 0x0000000791c00000, 0x0000000791c00000|100%| E|CS|TAMS 0x0000000791a00000, 0x0000000791a00000| Complete 
| 654|0x0000000791c00000, 0x0000000791e00000, 0x0000000791e00000|100%| E|CS|TAMS 0x0000000791c00000, 0x0000000791c00000| Complete 
| 655|0x0000000791e00000, 0x0000000792000000, 0x0000000792000000|100%| E|CS|TAMS 0x0000000791e00000, 0x0000000791e00000| Complete 
| 656|0x0000000792000000, 0x0000000792200000, 0x0000000792200000|100%| E|CS|TAMS 0x0000000792000000, 0x0000000792000000| Complete 
| 657|0x0000000792200000, 0x0000000792400000, 0x0000000792400000|100%| E|CS|TAMS 0x0000000792200000, 0x0000000792200000| Complete 
| 658|0x0000000792400000, 0x0000000792600000, 0x0000000792600000|100%| E|CS|TAMS 0x0000000792400000, 0x0000000792400000| Complete 
| 659|0x0000000792600000, 0x0000000792800000, 0x0000000792800000|100%| E|CS|TAMS 0x0000000792600000, 0x0000000792600000| Complete 
| 660|0x0000000792800000, 0x0000000792a00000, 0x0000000792a00000|100%| E|CS|TAMS 0x0000000792800000, 0x0000000792800000| Complete 
| 661|0x0000000792a00000, 0x0000000792c00000, 0x0000000792c00000|100%| E|CS|TAMS 0x0000000792a00000, 0x0000000792a00000| Complete 
| 662|0x0000000792c00000, 0x0000000792e00000, 0x0000000792e00000|100%| E|CS|TAMS 0x0000000792c00000, 0x0000000792c00000| Complete 
| 663|0x0000000792e00000, 0x0000000793000000, 0x0000000793000000|100%| E|CS|TAMS 0x0000000792e00000, 0x0000000792e00000| Complete 
| 664|0x0000000793000000, 0x0000000793200000, 0x0000000793200000|100%| E|CS|TAMS 0x0000000793000000, 0x0000000793000000| Complete 
| 665|0x0000000793200000, 0x0000000793400000, 0x0000000793400000|100%| E|CS|TAMS 0x0000000793200000, 0x0000000793200000| Complete 
| 666|0x0000000793400000, 0x0000000793600000, 0x0000000793600000|100%| E|CS|TAMS 0x0000000793400000, 0x0000000793400000| Complete 
| 667|0x0000000793600000, 0x0000000793800000, 0x0000000793800000|100%| E|CS|TAMS 0x0000000793600000, 0x0000000793600000| Complete 
| 668|0x0000000793800000, 0x0000000793a00000, 0x0000000793a00000|100%| E|CS|TAMS 0x0000000793800000, 0x0000000793800000| Complete 
| 669|0x0000000793a00000, 0x0000000793c00000, 0x0000000793c00000|100%| E|CS|TAMS 0x0000000793a00000, 0x0000000793a00000| Complete 
| 670|0x0000000793c00000, 0x0000000793e00000, 0x0000000793e00000|100%| E|CS|TAMS 0x0000000793c00000, 0x0000000793c00000| Complete 
| 671|0x0000000793e00000, 0x0000000794000000, 0x0000000794000000|100%| E|CS|TAMS 0x0000000793e00000, 0x0000000793e00000| Complete 
| 672|0x0000000794000000, 0x0000000794200000, 0x0000000794200000|100%| E|CS|TAMS 0x0000000794000000, 0x0000000794000000| Complete 
| 673|0x0000000794200000, 0x0000000794400000, 0x0000000794400000|100%| E|CS|TAMS 0x0000000794200000, 0x0000000794200000| Complete 
| 674|0x0000000794400000, 0x0000000794600000, 0x0000000794600000|100%| E|CS|TAMS 0x0000000794400000, 0x0000000794400000| Complete 
| 675|0x0000000794600000, 0x0000000794800000, 0x0000000794800000|100%| E|CS|TAMS 0x0000000794600000, 0x0000000794600000| Complete 
| 676|0x0000000794800000, 0x0000000794a00000, 0x0000000794a00000|100%| E|CS|TAMS 0x0000000794800000, 0x0000000794800000| Complete 
| 677|0x0000000794a00000, 0x0000000794c00000, 0x0000000794c00000|100%| E|CS|TAMS 0x0000000794a00000, 0x0000000794a00000| Complete 
| 678|0x0000000794c00000, 0x0000000794e00000, 0x0000000794e00000|100%| E|CS|TAMS 0x0000000794c00000, 0x0000000794c00000| Complete 
| 679|0x0000000794e00000, 0x0000000795000000, 0x0000000795000000|100%| E|CS|TAMS 0x0000000794e00000, 0x0000000794e00000| Complete 
| 680|0x0000000795000000, 0x0000000795200000, 0x0000000795200000|100%| E|CS|TAMS 0x0000000795000000, 0x0000000795000000| Complete 
| 681|0x0000000795200000, 0x0000000795400000, 0x0000000795400000|100%| E|CS|TAMS 0x0000000795200000, 0x0000000795200000| Complete 
| 682|0x0000000795400000, 0x0000000795600000, 0x0000000795600000|100%| E|CS|TAMS 0x0000000795400000, 0x0000000795400000| Complete 
| 683|0x0000000795600000, 0x0000000795800000, 0x0000000795800000|100%| E|CS|TAMS 0x0000000795600000, 0x0000000795600000| Complete 
| 684|0x0000000795800000, 0x0000000795a00000, 0x0000000795a00000|100%| E|CS|TAMS 0x0000000795800000, 0x0000000795800000| Complete 
| 685|0x0000000795a00000, 0x0000000795c00000, 0x0000000795c00000|100%| E|CS|TAMS 0x0000000795a00000, 0x0000000795a00000| Complete 
| 686|0x0000000795c00000, 0x0000000795e00000, 0x0000000795e00000|100%| E|CS|TAMS 0x0000000795c00000, 0x0000000795c00000| Complete 
| 687|0x0000000795e00000, 0x0000000796000000, 0x0000000796000000|100%| E|CS|TAMS 0x0000000795e00000, 0x0000000795e00000| Complete 
| 688|0x0000000796000000, 0x0000000796200000, 0x0000000796200000|100%| E|CS|TAMS 0x0000000796000000, 0x0000000796000000| Complete 
| 689|0x0000000796200000, 0x0000000796400000, 0x0000000796400000|100%| E|CS|TAMS 0x0000000796200000, 0x0000000796200000| Complete 
| 690|0x0000000796400000, 0x0000000796600000, 0x0000000796600000|100%| E|CS|TAMS 0x0000000796400000, 0x0000000796400000| Complete 
| 691|0x0000000796600000, 0x0000000796800000, 0x0000000796800000|100%| E|CS|TAMS 0x0000000796600000, 0x0000000796600000| Complete 
| 692|0x0000000796800000, 0x0000000796a00000, 0x0000000796a00000|100%| E|CS|TAMS 0x0000000796800000, 0x0000000796800000| Complete 
| 693|0x0000000796a00000, 0x0000000796c00000, 0x0000000796c00000|100%| E|CS|TAMS 0x0000000796a00000, 0x0000000796a00000| Complete 
| 694|0x0000000796c00000, 0x0000000796e00000, 0x0000000796e00000|100%| E|CS|TAMS 0x0000000796c00000, 0x0000000796c00000| Complete 
| 695|0x0000000796e00000, 0x0000000797000000, 0x0000000797000000|100%| E|CS|TAMS 0x0000000796e00000, 0x0000000796e00000| Complete 
| 696|0x0000000797000000, 0x0000000797200000, 0x0000000797200000|100%| E|CS|TAMS 0x0000000797000000, 0x0000000797000000| Complete 
| 697|0x0000000797200000, 0x0000000797400000, 0x0000000797400000|100%| E|CS|TAMS 0x0000000797200000, 0x0000000797200000| Complete 
| 698|0x0000000797400000, 0x0000000797600000, 0x0000000797600000|100%| E|CS|TAMS 0x0000000797400000, 0x0000000797400000| Complete 
| 699|0x0000000797600000, 0x0000000797800000, 0x0000000797800000|100%| E|CS|TAMS 0x0000000797600000, 0x0000000797600000| Complete 
| 700|0x0000000797800000, 0x0000000797a00000, 0x0000000797a00000|100%| E|CS|TAMS 0x0000000797800000, 0x0000000797800000| Complete 
| 701|0x0000000797a00000, 0x0000000797c00000, 0x0000000797c00000|100%| E|CS|TAMS 0x0000000797a00000, 0x0000000797a00000| Complete 
| 702|0x0000000797c00000, 0x0000000797e00000, 0x0000000797e00000|100%| E|CS|TAMS 0x0000000797c00000, 0x0000000797c00000| Complete 
| 703|0x0000000797e00000, 0x0000000798000000, 0x0000000798000000|100%| E|CS|TAMS 0x0000000797e00000, 0x0000000797e00000| Complete 
| 704|0x0000000798000000, 0x0000000798200000, 0x0000000798200000|100%| E|CS|TAMS 0x0000000798000000, 0x0000000798000000| Complete 
| 705|0x0000000798200000, 0x0000000798400000, 0x0000000798400000|100%| E|CS|TAMS 0x0000000798200000, 0x0000000798200000| Complete 
| 706|0x0000000798400000, 0x0000000798600000, 0x0000000798600000|100%| E|CS|TAMS 0x0000000798400000, 0x0000000798400000| Complete 
| 707|0x0000000798600000, 0x0000000798800000, 0x0000000798800000|100%| E|CS|TAMS 0x0000000798600000, 0x0000000798600000| Complete 
| 708|0x0000000798800000, 0x0000000798a00000, 0x0000000798a00000|100%| E|CS|TAMS 0x0000000798800000, 0x0000000798800000| Complete 
| 709|0x0000000798a00000, 0x0000000798c00000, 0x0000000798c00000|100%| E|CS|TAMS 0x0000000798a00000, 0x0000000798a00000| Complete 
| 710|0x0000000798c00000, 0x0000000798e00000, 0x0000000798e00000|100%| E|CS|TAMS 0x0000000798c00000, 0x0000000798c00000| Complete 
| 711|0x0000000798e00000, 0x0000000799000000, 0x0000000799000000|100%| E|CS|TAMS 0x0000000798e00000, 0x0000000798e00000| Complete 
| 712|0x0000000799000000, 0x0000000799200000, 0x0000000799200000|100%| E|CS|TAMS 0x0000000799000000, 0x0000000799000000| Complete 
| 713|0x0000000799200000, 0x0000000799400000, 0x0000000799400000|100%| E|CS|TAMS 0x0000000799200000, 0x0000000799200000| Complete 
| 714|0x0000000799400000, 0x0000000799600000, 0x0000000799600000|100%| E|CS|TAMS 0x0000000799400000, 0x0000000799400000| Complete 
| 715|0x0000000799600000, 0x0000000799800000, 0x0000000799800000|100%| E|CS|TAMS 0x0000000799600000, 0x0000000799600000| Complete 
| 716|0x0000000799800000, 0x0000000799a00000, 0x0000000799a00000|100%| E|CS|TAMS 0x0000000799800000, 0x0000000799800000| Complete 
| 717|0x0000000799a00000, 0x0000000799c00000, 0x0000000799c00000|100%| E|CS|TAMS 0x0000000799a00000, 0x0000000799a00000| Complete 
| 718|0x0000000799c00000, 0x0000000799e00000, 0x0000000799e00000|100%| E|CS|TAMS 0x0000000799c00000, 0x0000000799c00000| Complete 
| 719|0x0000000799e00000, 0x000000079a000000, 0x000000079a000000|100%| E|CS|TAMS 0x0000000799e00000, 0x0000000799e00000| Complete 
| 720|0x000000079a000000, 0x000000079a200000, 0x000000079a200000|100%| E|CS|TAMS 0x000000079a000000, 0x000000079a000000| Complete 
| 721|0x000000079a200000, 0x000000079a400000, 0x000000079a400000|100%| E|CS|TAMS 0x000000079a200000, 0x000000079a200000| Complete 
| 722|0x000000079a400000, 0x000000079a600000, 0x000000079a600000|100%| E|CS|TAMS 0x000000079a400000, 0x000000079a400000| Complete 
| 723|0x000000079a600000, 0x000000079a800000, 0x000000079a800000|100%| E|CS|TAMS 0x000000079a600000, 0x000000079a600000| Complete 
| 724|0x000000079a800000, 0x000000079aa00000, 0x000000079aa00000|100%| E|CS|TAMS 0x000000079a800000, 0x000000079a800000| Complete 
| 725|0x000000079aa00000, 0x000000079ac00000, 0x000000079ac00000|100%| E|CS|TAMS 0x000000079aa00000, 0x000000079aa00000| Complete 
| 726|0x000000079ac00000, 0x000000079ae00000, 0x000000079ae00000|100%| E|CS|TAMS 0x000000079ac00000, 0x000000079ac00000| Complete 
| 727|0x000000079ae00000, 0x000000079b000000, 0x000000079b000000|100%| E|CS|TAMS 0x000000079ae00000, 0x000000079ae00000| Complete 
| 728|0x000000079b000000, 0x000000079b200000, 0x000000079b200000|100%| E|CS|TAMS 0x000000079b000000, 0x000000079b000000| Complete 
| 729|0x000000079b200000, 0x000000079b400000, 0x000000079b400000|100%| E|CS|TAMS 0x000000079b200000, 0x000000079b200000| Complete 
| 730|0x000000079b400000, 0x000000079b600000, 0x000000079b600000|100%| E|CS|TAMS 0x000000079b400000, 0x000000079b400000| Complete 
| 731|0x000000079b600000, 0x000000079b800000, 0x000000079b800000|100%| E|CS|TAMS 0x000000079b600000, 0x000000079b600000| Complete 
| 732|0x000000079b800000, 0x000000079ba00000, 0x000000079ba00000|100%| E|CS|TAMS 0x000000079b800000, 0x000000079b800000| Complete 
| 733|0x000000079ba00000, 0x000000079bc00000, 0x000000079bc00000|100%| E|CS|TAMS 0x000000079ba00000, 0x000000079ba00000| Complete 
| 734|0x000000079bc00000, 0x000000079be00000, 0x000000079be00000|100%| E|CS|TAMS 0x000000079bc00000, 0x000000079bc00000| Complete 
| 735|0x000000079be00000, 0x000000079c000000, 0x000000079c000000|100%| E|CS|TAMS 0x000000079be00000, 0x000000079be00000| Complete 
| 736|0x000000079c000000, 0x000000079c200000, 0x000000079c200000|100%| E|CS|TAMS 0x000000079c000000, 0x000000079c000000| Complete 
| 737|0x000000079c200000, 0x000000079c400000, 0x000000079c400000|100%| E|CS|TAMS 0x000000079c200000, 0x000000079c200000| Complete 
| 738|0x000000079c400000, 0x000000079c600000, 0x000000079c600000|100%| E|CS|TAMS 0x000000079c400000, 0x000000079c400000| Complete 
| 739|0x000000079c600000, 0x000000079c800000, 0x000000079c800000|100%| E|CS|TAMS 0x000000079c600000, 0x000000079c600000| Complete 
| 740|0x000000079c800000, 0x000000079ca00000, 0x000000079ca00000|100%| E|CS|TAMS 0x000000079c800000, 0x000000079c800000| Complete 
| 741|0x000000079ca00000, 0x000000079cc00000, 0x000000079cc00000|100%| E|CS|TAMS 0x000000079ca00000, 0x000000079ca00000| Complete 
| 742|0x000000079cc00000, 0x000000079ce00000, 0x000000079ce00000|100%| E|CS|TAMS 0x000000079cc00000, 0x000000079cc00000| Complete 
| 743|0x000000079ce00000, 0x000000079d000000, 0x000000079d000000|100%| E|CS|TAMS 0x000000079ce00000, 0x000000079ce00000| Complete 
| 744|0x000000079d000000, 0x000000079d200000, 0x000000079d200000|100%| E|CS|TAMS 0x000000079d000000, 0x000000079d000000| Complete 
| 745|0x000000079d200000, 0x000000079d400000, 0x000000079d400000|100%| E|CS|TAMS 0x000000079d200000, 0x000000079d200000| Complete 
| 746|0x000000079d400000, 0x000000079d600000, 0x000000079d600000|100%| E|CS|TAMS 0x000000079d400000, 0x000000079d400000| Complete 
| 747|0x000000079d600000, 0x000000079d800000, 0x000000079d800000|100%| E|CS|TAMS 0x000000079d600000, 0x000000079d600000| Complete 
| 748|0x000000079d800000, 0x000000079da00000, 0x000000079da00000|100%| E|CS|TAMS 0x000000079d800000, 0x000000079d800000| Complete 
| 749|0x000000079da00000, 0x000000079dc00000, 0x000000079dc00000|100%| E|CS|TAMS 0x000000079da00000, 0x000000079da00000| Complete 
| 750|0x000000079dc00000, 0x000000079de00000, 0x000000079de00000|100%| E|CS|TAMS 0x000000079dc00000, 0x000000079dc00000| Complete 
| 751|0x000000079de00000, 0x000000079e000000, 0x000000079e000000|100%| E|CS|TAMS 0x000000079de00000, 0x000000079de00000| Complete 
| 752|0x000000079e000000, 0x000000079e200000, 0x000000079e200000|100%| E|CS|TAMS 0x000000079e000000, 0x000000079e000000| Complete 
| 753|0x000000079e200000, 0x000000079e400000, 0x000000079e400000|100%| E|CS|TAMS 0x000000079e200000, 0x000000079e200000| Complete 
| 754|0x000000079e400000, 0x000000079e600000, 0x000000079e600000|100%| E|CS|TAMS 0x000000079e400000, 0x000000079e400000| Complete 
| 755|0x000000079e600000, 0x000000079e800000, 0x000000079e800000|100%| E|CS|TAMS 0x000000079e600000, 0x000000079e600000| Complete 
| 756|0x000000079e800000, 0x000000079ea00000, 0x000000079ea00000|100%| E|CS|TAMS 0x000000079e800000, 0x000000079e800000| Complete 
| 757|0x000000079ea00000, 0x000000079ec00000, 0x000000079ec00000|100%| E|CS|TAMS 0x000000079ea00000, 0x000000079ea00000| Complete 
| 758|0x000000079ec00000, 0x000000079ee00000, 0x000000079ee00000|100%| E|CS|TAMS 0x000000079ec00000, 0x000000079ec00000| Complete 
| 759|0x000000079ee00000, 0x000000079f000000, 0x000000079f000000|100%| E|CS|TAMS 0x000000079ee00000, 0x000000079ee00000| Complete 
| 760|0x000000079f000000, 0x000000079f200000, 0x000000079f200000|100%| E|CS|TAMS 0x000000079f000000, 0x000000079f000000| Complete 
| 761|0x000000079f200000, 0x000000079f400000, 0x000000079f400000|100%| E|CS|TAMS 0x000000079f200000, 0x000000079f200000| Complete 
| 762|0x000000079f400000, 0x000000079f600000, 0x000000079f600000|100%| E|CS|TAMS 0x000000079f400000, 0x000000079f400000| Complete 
| 763|0x000000079f600000, 0x000000079f800000, 0x000000079f800000|100%| E|CS|TAMS 0x000000079f600000, 0x000000079f600000| Complete 
| 764|0x000000079f800000, 0x000000079fa00000, 0x000000079fa00000|100%| E|CS|TAMS 0x000000079f800000, 0x000000079f800000| Complete 
| 765|0x000000079fa00000, 0x000000079fc00000, 0x000000079fc00000|100%| E|CS|TAMS 0x000000079fa00000, 0x000000079fa00000| Complete 
| 766|0x000000079fc00000, 0x000000079fe00000, 0x000000079fe00000|100%| E|CS|TAMS 0x000000079fc00000, 0x000000079fc00000| Complete 
| 767|0x000000079fe00000, 0x00000007a0000000, 0x00000007a0000000|100%| E|CS|TAMS 0x000000079fe00000, 0x000000079fe00000| Complete 
| 768|0x00000007a0000000, 0x00000007a0200000, 0x00000007a0200000|100%| E|CS|TAMS 0x00000007a0000000, 0x00000007a0000000| Complete 
| 769|0x00000007a0200000, 0x00000007a0400000, 0x00000007a0400000|100%| E|CS|TAMS 0x00000007a0200000, 0x00000007a0200000| Complete 
| 770|0x00000007a0400000, 0x00000007a0600000, 0x00000007a0600000|100%| E|CS|TAMS 0x00000007a0400000, 0x00000007a0400000| Complete 
| 771|0x00000007a0600000, 0x00000007a0800000, 0x00000007a0800000|100%| E|CS|TAMS 0x00000007a0600000, 0x00000007a0600000| Complete 
| 772|0x00000007a0800000, 0x00000007a0a00000, 0x00000007a0a00000|100%| E|CS|TAMS 0x00000007a0800000, 0x00000007a0800000| Complete 
| 773|0x00000007a0a00000, 0x00000007a0c00000, 0x00000007a0c00000|100%| E|CS|TAMS 0x00000007a0a00000, 0x00000007a0a00000| Complete 
| 774|0x00000007a0c00000, 0x00000007a0e00000, 0x00000007a0e00000|100%| E|CS|TAMS 0x00000007a0c00000, 0x00000007a0c00000| Complete 
| 775|0x00000007a0e00000, 0x00000007a1000000, 0x00000007a1000000|100%| E|CS|TAMS 0x00000007a0e00000, 0x00000007a0e00000| Complete 
| 776|0x00000007a1000000, 0x00000007a1200000, 0x00000007a1200000|100%| E|CS|TAMS 0x00000007a1000000, 0x00000007a1000000| Complete 
| 777|0x00000007a1200000, 0x00000007a1400000, 0x00000007a1400000|100%| E|CS|TAMS 0x00000007a1200000, 0x00000007a1200000| Complete 
| 778|0x00000007a1400000, 0x00000007a1600000, 0x00000007a1600000|100%| E|CS|TAMS 0x00000007a1400000, 0x00000007a1400000| Complete 
| 779|0x00000007a1600000, 0x00000007a1800000, 0x00000007a1800000|100%| E|CS|TAMS 0x00000007a1600000, 0x00000007a1600000| Complete 
| 780|0x00000007a1800000, 0x00000007a1a00000, 0x00000007a1a00000|100%| E|CS|TAMS 0x00000007a1800000, 0x00000007a1800000| Complete 
| 781|0x00000007a1a00000, 0x00000007a1c00000, 0x00000007a1c00000|100%| E|  |TAMS 0x00000007a1a00000, 0x00000007a1a00000| Complete 
| 782|0x00000007a1c00000, 0x00000007a1e00000, 0x00000007a1e00000|100%| E|CS|TAMS 0x00000007a1c00000, 0x00000007a1c00000| Complete 
| 783|0x00000007a1e00000, 0x00000007a2000000, 0x00000007a2000000|100%| E|CS|TAMS 0x00000007a1e00000, 0x00000007a1e00000| Complete 
| 784|0x00000007a2000000, 0x00000007a2200000, 0x00000007a2200000|100%| E|CS|TAMS 0x00000007a2000000, 0x00000007a2000000| Complete 
| 785|0x00000007a2200000, 0x00000007a2400000, 0x00000007a2400000|100%| E|CS|TAMS 0x00000007a2200000, 0x00000007a2200000| Complete 
| 786|0x00000007a2400000, 0x00000007a2600000, 0x00000007a2600000|100%| E|CS|TAMS 0x00000007a2400000, 0x00000007a2400000| Complete 
| 787|0x00000007a2600000, 0x00000007a2800000, 0x00000007a2800000|100%| E|CS|TAMS 0x00000007a2600000, 0x00000007a2600000| Complete 
| 788|0x00000007a2800000, 0x00000007a2a00000, 0x00000007a2a00000|100%| E|CS|TAMS 0x00000007a2800000, 0x00000007a2800000| Complete 
| 789|0x00000007a2a00000, 0x00000007a2c00000, 0x00000007a2c00000|100%| E|CS|TAMS 0x00000007a2a00000, 0x00000007a2a00000| Complete 
| 790|0x00000007a2c00000, 0x00000007a2e00000, 0x00000007a2e00000|100%| E|CS|TAMS 0x00000007a2c00000, 0x00000007a2c00000| Complete 
| 791|0x00000007a2e00000, 0x00000007a3000000, 0x00000007a3000000|100%| E|CS|TAMS 0x00000007a2e00000, 0x00000007a2e00000| Complete 
| 792|0x00000007a3000000, 0x00000007a3200000, 0x00000007a3200000|100%| E|CS|TAMS 0x00000007a3000000, 0x00000007a3000000| Complete 
| 793|0x00000007a3200000, 0x00000007a3400000, 0x00000007a3400000|100%| E|CS|TAMS 0x00000007a3200000, 0x00000007a3200000| Complete 
| 794|0x00000007a3400000, 0x00000007a3600000, 0x00000007a3600000|100%| E|CS|TAMS 0x00000007a3400000, 0x00000007a3400000| Complete 
| 795|0x00000007a3600000, 0x00000007a3800000, 0x00000007a3800000|100%| E|CS|TAMS 0x00000007a3600000, 0x00000007a3600000| Complete 
| 796|0x00000007a3800000, 0x00000007a3a00000, 0x00000007a3a00000|100%| E|CS|TAMS 0x00000007a3800000, 0x00000007a3800000| Complete 
| 797|0x00000007a3a00000, 0x00000007a3c00000, 0x00000007a3c00000|100%| E|CS|TAMS 0x00000007a3a00000, 0x00000007a3a00000| Complete 
| 798|0x00000007a3c00000, 0x00000007a3e00000, 0x00000007a3e00000|100%| E|CS|TAMS 0x00000007a3c00000, 0x00000007a3c00000| Complete 
| 799|0x00000007a3e00000, 0x00000007a4000000, 0x00000007a4000000|100%| E|CS|TAMS 0x00000007a3e00000, 0x00000007a3e00000| Complete 
| 800|0x00000007a4000000, 0x00000007a4200000, 0x00000007a4200000|100%| E|CS|TAMS 0x00000007a4000000, 0x00000007a4000000| Complete 
| 801|0x00000007a4200000, 0x00000007a4400000, 0x00000007a4400000|100%| E|CS|TAMS 0x00000007a4200000, 0x00000007a4200000| Complete 
| 802|0x00000007a4400000, 0x00000007a4600000, 0x00000007a4600000|100%| E|CS|TAMS 0x00000007a4400000, 0x00000007a4400000| Complete 
| 803|0x00000007a4600000, 0x00000007a4800000, 0x00000007a4800000|100%| E|CS|TAMS 0x00000007a4600000, 0x00000007a4600000| Complete 
| 804|0x00000007a4800000, 0x00000007a4a00000, 0x00000007a4a00000|100%| E|CS|TAMS 0x00000007a4800000, 0x00000007a4800000| Complete 
| 805|0x00000007a4a00000, 0x00000007a4c00000, 0x00000007a4c00000|100%| E|CS|TAMS 0x00000007a4a00000, 0x00000007a4a00000| Complete 
| 806|0x00000007a4c00000, 0x00000007a4e00000, 0x00000007a4e00000|100%| E|CS|TAMS 0x00000007a4c00000, 0x00000007a4c00000| Complete 
| 807|0x00000007a4e00000, 0x00000007a5000000, 0x00000007a5000000|100%| E|CS|TAMS 0x00000007a4e00000, 0x00000007a4e00000| Complete 
| 808|0x00000007a5000000, 0x00000007a5200000, 0x00000007a5200000|100%| E|CS|TAMS 0x00000007a5000000, 0x00000007a5000000| Complete 
| 809|0x00000007a5200000, 0x00000007a5400000, 0x00000007a5400000|100%| E|CS|TAMS 0x00000007a5200000, 0x00000007a5200000| Complete 
| 810|0x00000007a5400000, 0x00000007a5600000, 0x00000007a5600000|100%| E|CS|TAMS 0x00000007a5400000, 0x00000007a5400000| Complete 
| 811|0x00000007a5600000, 0x00000007a5800000, 0x00000007a5800000|100%| E|CS|TAMS 0x00000007a5600000, 0x00000007a5600000| Complete 
| 812|0x00000007a5800000, 0x00000007a5a00000, 0x00000007a5a00000|100%| E|CS|TAMS 0x00000007a5800000, 0x00000007a5800000| Complete 
| 813|0x00000007a5a00000, 0x00000007a5c00000, 0x00000007a5c00000|100%| E|CS|TAMS 0x00000007a5a00000, 0x00000007a5a00000| Complete 
| 814|0x00000007a5c00000, 0x00000007a5e00000, 0x00000007a5e00000|100%| E|CS|TAMS 0x00000007a5c00000, 0x00000007a5c00000| Complete 
| 815|0x00000007a5e00000, 0x00000007a6000000, 0x00000007a6000000|100%| E|CS|TAMS 0x00000007a5e00000, 0x00000007a5e00000| Complete 
| 816|0x00000007a6000000, 0x00000007a6200000, 0x00000007a6200000|100%| E|CS|TAMS 0x00000007a6000000, 0x00000007a6000000| Complete 
| 817|0x00000007a6200000, 0x00000007a6400000, 0x00000007a6400000|100%| E|CS|TAMS 0x00000007a6200000, 0x00000007a6200000| Complete 
| 818|0x00000007a6400000, 0x00000007a6600000, 0x00000007a6600000|100%| E|CS|TAMS 0x00000007a6400000, 0x00000007a6400000| Complete 
| 819|0x00000007a6600000, 0x00000007a6800000, 0x00000007a6800000|100%| E|CS|TAMS 0x00000007a6600000, 0x00000007a6600000| Complete 
| 820|0x00000007a6800000, 0x00000007a6a00000, 0x00000007a6a00000|100%| E|CS|TAMS 0x00000007a6800000, 0x00000007a6800000| Complete 
| 821|0x00000007a6a00000, 0x00000007a6c00000, 0x00000007a6c00000|100%| E|CS|TAMS 0x00000007a6a00000, 0x00000007a6a00000| Complete 
| 822|0x00000007a6c00000, 0x00000007a6e00000, 0x00000007a6e00000|100%| E|CS|TAMS 0x00000007a6c00000, 0x00000007a6c00000| Complete 
| 823|0x00000007a6e00000, 0x00000007a7000000, 0x00000007a7000000|100%| E|CS|TAMS 0x00000007a6e00000, 0x00000007a6e00000| Complete 
| 824|0x00000007a7000000, 0x00000007a7200000, 0x00000007a7200000|100%| E|CS|TAMS 0x00000007a7000000, 0x00000007a7000000| Complete 
| 825|0x00000007a7200000, 0x00000007a7400000, 0x00000007a7400000|100%| E|CS|TAMS 0x00000007a7200000, 0x00000007a7200000| Complete 
| 826|0x00000007a7400000, 0x00000007a7600000, 0x00000007a7600000|100%| E|CS|TAMS 0x00000007a7400000, 0x00000007a7400000| Complete 
| 827|0x00000007a7600000, 0x00000007a7800000, 0x00000007a7800000|100%| E|CS|TAMS 0x00000007a7600000, 0x00000007a7600000| Complete 
| 828|0x00000007a7800000, 0x00000007a7a00000, 0x00000007a7a00000|100%| E|CS|TAMS 0x00000007a7800000, 0x00000007a7800000| Complete 
| 829|0x00000007a7a00000, 0x00000007a7c00000, 0x00000007a7c00000|100%| E|CS|TAMS 0x00000007a7a00000, 0x00000007a7a00000| Complete 
| 830|0x00000007a7c00000, 0x00000007a7e00000, 0x00000007a7e00000|100%| E|CS|TAMS 0x00000007a7c00000, 0x00000007a7c00000| Complete 
| 831|0x00000007a7e00000, 0x00000007a8000000, 0x00000007a8000000|100%| E|CS|TAMS 0x00000007a7e00000, 0x00000007a7e00000| Complete 
| 832|0x00000007a8000000, 0x00000007a8200000, 0x00000007a8200000|100%| E|CS|TAMS 0x00000007a8000000, 0x00000007a8000000| Complete 
| 833|0x00000007a8200000, 0x00000007a8400000, 0x00000007a8400000|100%| E|CS|TAMS 0x00000007a8200000, 0x00000007a8200000| Complete 
| 834|0x00000007a8400000, 0x00000007a8600000, 0x00000007a8600000|100%| E|CS|TAMS 0x00000007a8400000, 0x00000007a8400000| Complete 
| 835|0x00000007a8600000, 0x00000007a8800000, 0x00000007a8800000|100%| E|CS|TAMS 0x00000007a8600000, 0x00000007a8600000| Complete 
| 836|0x00000007a8800000, 0x00000007a8a00000, 0x00000007a8a00000|100%| E|CS|TAMS 0x00000007a8800000, 0x00000007a8800000| Complete 
| 837|0x00000007a8a00000, 0x00000007a8c00000, 0x00000007a8c00000|100%| E|CS|TAMS 0x00000007a8a00000, 0x00000007a8a00000| Complete 
| 838|0x00000007a8c00000, 0x00000007a8e00000, 0x00000007a8e00000|100%| E|CS|TAMS 0x00000007a8c00000, 0x00000007a8c00000| Complete 
| 839|0x00000007a8e00000, 0x00000007a9000000, 0x00000007a9000000|100%| E|CS|TAMS 0x00000007a8e00000, 0x00000007a8e00000| Complete 
| 840|0x00000007a9000000, 0x00000007a9200000, 0x00000007a9200000|100%| E|CS|TAMS 0x00000007a9000000, 0x00000007a9000000| Complete 
| 841|0x00000007a9200000, 0x00000007a9400000, 0x00000007a9400000|100%| E|CS|TAMS 0x00000007a9200000, 0x00000007a9200000| Complete 
| 842|0x00000007a9400000, 0x00000007a9600000, 0x00000007a9600000|100%| E|CS|TAMS 0x00000007a9400000, 0x00000007a9400000| Complete 
| 843|0x00000007a9600000, 0x00000007a9800000, 0x00000007a9800000|100%| E|CS|TAMS 0x00000007a9600000, 0x00000007a9600000| Complete 
| 844|0x00000007a9800000, 0x00000007a9a00000, 0x00000007a9a00000|100%| E|CS|TAMS 0x00000007a9800000, 0x00000007a9800000| Complete 
| 845|0x00000007a9a00000, 0x00000007a9c00000, 0x00000007a9c00000|100%| E|CS|TAMS 0x00000007a9a00000, 0x00000007a9a00000| Complete 
| 846|0x00000007a9c00000, 0x00000007a9e00000, 0x00000007a9e00000|100%| E|CS|TAMS 0x00000007a9c00000, 0x00000007a9c00000| Complete 
| 847|0x00000007a9e00000, 0x00000007aa000000, 0x00000007aa000000|100%| E|CS|TAMS 0x00000007a9e00000, 0x00000007a9e00000| Complete 
| 848|0x00000007aa000000, 0x00000007aa200000, 0x00000007aa200000|100%| E|CS|TAMS 0x00000007aa000000, 0x00000007aa000000| Complete 
| 849|0x00000007aa200000, 0x00000007aa400000, 0x00000007aa400000|100%| E|CS|TAMS 0x00000007aa200000, 0x00000007aa200000| Complete 
| 850|0x00000007aa400000, 0x00000007aa600000, 0x00000007aa600000|100%| E|CS|TAMS 0x00000007aa400000, 0x00000007aa400000| Complete 
| 851|0x00000007aa600000, 0x00000007aa800000, 0x00000007aa800000|100%| E|CS|TAMS 0x00000007aa600000, 0x00000007aa600000| Complete 
| 852|0x00000007aa800000, 0x00000007aaa00000, 0x00000007aaa00000|100%| E|CS|TAMS 0x00000007aa800000, 0x00000007aa800000| Complete 
| 853|0x00000007aaa00000, 0x00000007aac00000, 0x00000007aac00000|100%| E|CS|TAMS 0x00000007aaa00000, 0x00000007aaa00000| Complete 
| 854|0x00000007aac00000, 0x00000007aae00000, 0x00000007aae00000|100%| E|CS|TAMS 0x00000007aac00000, 0x00000007aac00000| Complete 
| 855|0x00000007aae00000, 0x00000007ab000000, 0x00000007ab000000|100%| E|CS|TAMS 0x00000007aae00000, 0x00000007aae00000| Complete 
| 856|0x00000007ab000000, 0x00000007ab200000, 0x00000007ab200000|100%| E|CS|TAMS 0x00000007ab000000, 0x00000007ab000000| Complete 
| 857|0x00000007ab200000, 0x00000007ab400000, 0x00000007ab400000|100%| E|CS|TAMS 0x00000007ab200000, 0x00000007ab200000| Complete 
| 858|0x00000007ab400000, 0x00000007ab600000, 0x00000007ab600000|100%| E|CS|TAMS 0x00000007ab400000, 0x00000007ab400000| Complete 
| 859|0x00000007ab600000, 0x00000007ab800000, 0x00000007ab800000|100%| E|CS|TAMS 0x00000007ab600000, 0x00000007ab600000| Complete 
| 860|0x00000007ab800000, 0x00000007aba00000, 0x00000007aba00000|100%| E|CS|TAMS 0x00000007ab800000, 0x00000007ab800000| Complete 
| 861|0x00000007aba00000, 0x00000007abc00000, 0x00000007abc00000|100%| E|CS|TAMS 0x00000007aba00000, 0x00000007aba00000| Complete 
| 862|0x00000007abc00000, 0x00000007abe00000, 0x00000007abe00000|100%| E|CS|TAMS 0x00000007abc00000, 0x00000007abc00000| Complete 
| 863|0x00000007abe00000, 0x00000007ac000000, 0x00000007ac000000|100%| E|CS|TAMS 0x00000007abe00000, 0x00000007abe00000| Complete 
| 864|0x00000007ac000000, 0x00000007ac200000, 0x00000007ac200000|100%| E|CS|TAMS 0x00000007ac000000, 0x00000007ac000000| Complete 
| 865|0x00000007ac200000, 0x00000007ac400000, 0x00000007ac400000|100%| E|CS|TAMS 0x00000007ac200000, 0x00000007ac200000| Complete 
| 866|0x00000007ac400000, 0x00000007ac600000, 0x00000007ac600000|100%| E|CS|TAMS 0x00000007ac400000, 0x00000007ac400000| Complete 
| 867|0x00000007ac600000, 0x00000007ac800000, 0x00000007ac800000|100%| E|CS|TAMS 0x00000007ac600000, 0x00000007ac600000| Complete 
| 868|0x00000007ac800000, 0x00000007aca00000, 0x00000007aca00000|100%| E|CS|TAMS 0x00000007ac800000, 0x00000007ac800000| Complete 
| 869|0x00000007aca00000, 0x00000007acc00000, 0x00000007acc00000|100%| E|CS|TAMS 0x00000007aca00000, 0x00000007aca00000| Complete 
| 870|0x00000007acc00000, 0x00000007ace00000, 0x00000007ace00000|100%| E|CS|TAMS 0x00000007acc00000, 0x00000007acc00000| Complete 
| 871|0x00000007ace00000, 0x00000007ad000000, 0x00000007ad000000|100%| E|CS|TAMS 0x00000007ace00000, 0x00000007ace00000| Complete 
| 872|0x00000007ad000000, 0x00000007ad200000, 0x00000007ad200000|100%| E|CS|TAMS 0x00000007ad000000, 0x00000007ad000000| Complete 
| 873|0x00000007ad200000, 0x00000007ad400000, 0x00000007ad400000|100%| E|CS|TAMS 0x00000007ad200000, 0x00000007ad200000| Complete 
| 874|0x00000007ad400000, 0x00000007ad600000, 0x00000007ad600000|100%| E|CS|TAMS 0x00000007ad400000, 0x00000007ad400000| Complete 
| 875|0x00000007ad600000, 0x00000007ad800000, 0x00000007ad800000|100%| E|CS|TAMS 0x00000007ad600000, 0x00000007ad600000| Complete 
| 876|0x00000007ad800000, 0x00000007ada00000, 0x00000007ada00000|100%| E|CS|TAMS 0x00000007ad800000, 0x00000007ad800000| Complete 
| 877|0x00000007ada00000, 0x00000007adc00000, 0x00000007adc00000|100%| E|CS|TAMS 0x00000007ada00000, 0x00000007ada00000| Complete 
| 878|0x00000007adc00000, 0x00000007ade00000, 0x00000007ade00000|100%| E|CS|TAMS 0x00000007adc00000, 0x00000007adc00000| Complete 
| 879|0x00000007ade00000, 0x00000007ae000000, 0x00000007ae000000|100%| E|CS|TAMS 0x00000007ade00000, 0x00000007ade00000| Complete 
| 880|0x00000007ae000000, 0x00000007ae200000, 0x00000007ae200000|100%| E|CS|TAMS 0x00000007ae000000, 0x00000007ae000000| Complete 
| 881|0x00000007ae200000, 0x00000007ae400000, 0x00000007ae400000|100%| E|CS|TAMS 0x00000007ae200000, 0x00000007ae200000| Complete 
| 882|0x00000007ae400000, 0x00000007ae600000, 0x00000007ae600000|100%| E|CS|TAMS 0x00000007ae400000, 0x00000007ae400000| Complete 
| 883|0x00000007ae600000, 0x00000007ae800000, 0x00000007ae800000|100%| E|CS|TAMS 0x00000007ae600000, 0x00000007ae600000| Complete 
| 884|0x00000007ae800000, 0x00000007aea00000, 0x00000007aea00000|100%| E|CS|TAMS 0x00000007ae800000, 0x00000007ae800000| Complete 
| 885|0x00000007aea00000, 0x00000007aec00000, 0x00000007aec00000|100%| E|CS|TAMS 0x00000007aea00000, 0x00000007aea00000| Complete 
| 886|0x00000007aec00000, 0x00000007aee00000, 0x00000007aee00000|100%| E|CS|TAMS 0x00000007aec00000, 0x00000007aec00000| Complete 
| 887|0x00000007aee00000, 0x00000007af000000, 0x00000007af000000|100%| E|CS|TAMS 0x00000007aee00000, 0x00000007aee00000| Complete 
| 888|0x00000007af000000, 0x00000007af200000, 0x00000007af200000|100%| E|CS|TAMS 0x00000007af000000, 0x00000007af000000| Complete 
| 889|0x00000007af200000, 0x00000007af400000, 0x00000007af400000|100%| E|CS|TAMS 0x00000007af200000, 0x00000007af200000| Complete 
| 890|0x00000007af400000, 0x00000007af600000, 0x00000007af600000|100%| E|CS|TAMS 0x00000007af400000, 0x00000007af400000| Complete 
| 891|0x00000007af600000, 0x00000007af800000, 0x00000007af800000|100%| E|CS|TAMS 0x00000007af600000, 0x00000007af600000| Complete 
| 892|0x00000007af800000, 0x00000007afa00000, 0x00000007afa00000|100%| E|CS|TAMS 0x00000007af800000, 0x00000007af800000| Complete 
| 893|0x00000007afa00000, 0x00000007afc00000, 0x00000007afc00000|100%| E|CS|TAMS 0x00000007afa00000, 0x00000007afa00000| Complete 
| 894|0x00000007afc00000, 0x00000007afe00000, 0x00000007afe00000|100%| E|CS|TAMS 0x00000007afc00000, 0x00000007afc00000| Complete 
| 895|0x00000007afe00000, 0x00000007b0000000, 0x00000007b0000000|100%| E|CS|TAMS 0x00000007afe00000, 0x00000007afe00000| Complete 
| 896|0x00000007b0000000, 0x00000007b0200000, 0x00000007b0200000|100%| E|CS|TAMS 0x00000007b0000000, 0x00000007b0000000| Complete 
| 897|0x00000007b0200000, 0x00000007b0400000, 0x00000007b0400000|100%| E|CS|TAMS 0x00000007b0200000, 0x00000007b0200000| Complete 
| 898|0x00000007b0400000, 0x00000007b0600000, 0x00000007b0600000|100%| E|CS|TAMS 0x00000007b0400000, 0x00000007b0400000| Complete 
| 899|0x00000007b0600000, 0x00000007b0800000, 0x00000007b0800000|100%| E|CS|TAMS 0x00000007b0600000, 0x00000007b0600000| Complete 
| 900|0x00000007b0800000, 0x00000007b0a00000, 0x00000007b0a00000|100%| E|CS|TAMS 0x00000007b0800000, 0x00000007b0800000| Complete 
| 901|0x00000007b0a00000, 0x00000007b0c00000, 0x00000007b0c00000|100%| E|CS|TAMS 0x00000007b0a00000, 0x00000007b0a00000| Complete 
| 902|0x00000007b0c00000, 0x00000007b0e00000, 0x00000007b0e00000|100%| E|CS|TAMS 0x00000007b0c00000, 0x00000007b0c00000| Complete 
| 903|0x00000007b0e00000, 0x00000007b1000000, 0x00000007b1000000|100%| E|CS|TAMS 0x00000007b0e00000, 0x00000007b0e00000| Complete 
| 904|0x00000007b1000000, 0x00000007b1200000, 0x00000007b1200000|100%| E|CS|TAMS 0x00000007b1000000, 0x00000007b1000000| Complete 
| 905|0x00000007b1200000, 0x00000007b1400000, 0x00000007b1400000|100%| E|CS|TAMS 0x00000007b1200000, 0x00000007b1200000| Complete 
| 906|0x00000007b1400000, 0x00000007b1600000, 0x00000007b1600000|100%| E|CS|TAMS 0x00000007b1400000, 0x00000007b1400000| Complete 
| 907|0x00000007b1600000, 0x00000007b1800000, 0x00000007b1800000|100%| E|CS|TAMS 0x00000007b1600000, 0x00000007b1600000| Complete 
| 908|0x00000007b1800000, 0x00000007b1a00000, 0x00000007b1a00000|100%| E|CS|TAMS 0x00000007b1800000, 0x00000007b1800000| Complete 
| 909|0x00000007b1a00000, 0x00000007b1c00000, 0x00000007b1c00000|100%| E|CS|TAMS 0x00000007b1a00000, 0x00000007b1a00000| Complete 
| 910|0x00000007b1c00000, 0x00000007b1e00000, 0x00000007b1e00000|100%| E|CS|TAMS 0x00000007b1c00000, 0x00000007b1c00000| Complete 
| 911|0x00000007b1e00000, 0x00000007b2000000, 0x00000007b2000000|100%| E|CS|TAMS 0x00000007b1e00000, 0x00000007b1e00000| Complete 
| 912|0x00000007b2000000, 0x00000007b2200000, 0x00000007b2200000|100%| E|CS|TAMS 0x00000007b2000000, 0x00000007b2000000| Complete 
| 913|0x00000007b2200000, 0x00000007b2400000, 0x00000007b2400000|100%| E|CS|TAMS 0x00000007b2200000, 0x00000007b2200000| Complete 
| 914|0x00000007b2400000, 0x00000007b2600000, 0x00000007b2600000|100%| E|CS|TAMS 0x00000007b2400000, 0x00000007b2400000| Complete 
| 915|0x00000007b2600000, 0x00000007b2800000, 0x00000007b2800000|100%| E|CS|TAMS 0x00000007b2600000, 0x00000007b2600000| Complete 
| 916|0x00000007b2800000, 0x00000007b2a00000, 0x00000007b2a00000|100%| E|CS|TAMS 0x00000007b2800000, 0x00000007b2800000| Complete 
| 917|0x00000007b2a00000, 0x00000007b2c00000, 0x00000007b2c00000|100%| E|CS|TAMS 0x00000007b2a00000, 0x00000007b2a00000| Complete 
| 918|0x00000007b2c00000, 0x00000007b2e00000, 0x00000007b2e00000|100%| E|CS|TAMS 0x00000007b2c00000, 0x00000007b2c00000| Complete 
| 919|0x00000007b2e00000, 0x00000007b3000000, 0x00000007b3000000|100%| E|CS|TAMS 0x00000007b2e00000, 0x00000007b2e00000| Complete 
| 920|0x00000007b3000000, 0x00000007b3200000, 0x00000007b3200000|100%| E|CS|TAMS 0x00000007b3000000, 0x00000007b3000000| Complete 
| 921|0x00000007b3200000, 0x00000007b3400000, 0x00000007b3400000|100%| E|CS|TAMS 0x00000007b3200000, 0x00000007b3200000| Complete 
| 922|0x00000007b3400000, 0x00000007b3600000, 0x00000007b3600000|100%| E|CS|TAMS 0x00000007b3400000, 0x00000007b3400000| Complete 
| 923|0x00000007b3600000, 0x00000007b3800000, 0x00000007b3800000|100%| E|CS|TAMS 0x00000007b3600000, 0x00000007b3600000| Complete 
| 924|0x00000007b3800000, 0x00000007b3a00000, 0x00000007b3a00000|100%| E|CS|TAMS 0x00000007b3800000, 0x00000007b3800000| Complete 
| 925|0x00000007b3a00000, 0x00000007b3c00000, 0x00000007b3c00000|100%| E|CS|TAMS 0x00000007b3a00000, 0x00000007b3a00000| Complete 
| 926|0x00000007b3c00000, 0x00000007b3e00000, 0x00000007b3e00000|100%| E|CS|TAMS 0x00000007b3c00000, 0x00000007b3c00000| Complete 
| 927|0x00000007b3e00000, 0x00000007b4000000, 0x00000007b4000000|100%| E|CS|TAMS 0x00000007b3e00000, 0x00000007b3e00000| Complete 
| 928|0x00000007b4000000, 0x00000007b4200000, 0x00000007b4200000|100%| E|CS|TAMS 0x00000007b4000000, 0x00000007b4000000| Complete 
| 929|0x00000007b4200000, 0x00000007b4400000, 0x00000007b4400000|100%| E|CS|TAMS 0x00000007b4200000, 0x00000007b4200000| Complete 
| 930|0x00000007b4400000, 0x00000007b4600000, 0x00000007b4600000|100%| E|CS|TAMS 0x00000007b4400000, 0x00000007b4400000| Complete 
| 931|0x00000007b4600000, 0x00000007b4800000, 0x00000007b4800000|100%| E|CS|TAMS 0x00000007b4600000, 0x00000007b4600000| Complete 
| 932|0x00000007b4800000, 0x00000007b4a00000, 0x00000007b4a00000|100%| E|CS|TAMS 0x00000007b4800000, 0x00000007b4800000| Complete 
| 933|0x00000007b4a00000, 0x00000007b4c00000, 0x00000007b4c00000|100%| E|CS|TAMS 0x00000007b4a00000, 0x00000007b4a00000| Complete 
| 934|0x00000007b4c00000, 0x00000007b4e00000, 0x00000007b4e00000|100%| E|CS|TAMS 0x00000007b4c00000, 0x00000007b4c00000| Complete 
| 935|0x00000007b4e00000, 0x00000007b5000000, 0x00000007b5000000|100%| E|CS|TAMS 0x00000007b4e00000, 0x00000007b4e00000| Complete 
| 936|0x00000007b5000000, 0x00000007b5200000, 0x00000007b5200000|100%| E|CS|TAMS 0x00000007b5000000, 0x00000007b5000000| Complete 
| 937|0x00000007b5200000, 0x00000007b5400000, 0x00000007b5400000|100%| E|CS|TAMS 0x00000007b5200000, 0x00000007b5200000| Complete 
| 938|0x00000007b5400000, 0x00000007b5600000, 0x00000007b5600000|100%| E|CS|TAMS 0x00000007b5400000, 0x00000007b5400000| Complete 
| 939|0x00000007b5600000, 0x00000007b5800000, 0x00000007b5800000|100%| E|CS|TAMS 0x00000007b5600000, 0x00000007b5600000| Complete 
| 940|0x00000007b5800000, 0x00000007b5a00000, 0x00000007b5a00000|100%| E|CS|TAMS 0x00000007b5800000, 0x00000007b5800000| Complete 
| 941|0x00000007b5a00000, 0x00000007b5c00000, 0x00000007b5c00000|100%| E|CS|TAMS 0x00000007b5a00000, 0x00000007b5a00000| Complete 
| 942|0x00000007b5c00000, 0x00000007b5e00000, 0x00000007b5e00000|100%| E|CS|TAMS 0x00000007b5c00000, 0x00000007b5c00000| Complete 
| 943|0x00000007b5e00000, 0x00000007b6000000, 0x00000007b6000000|100%| E|CS|TAMS 0x00000007b5e00000, 0x00000007b5e00000| Complete 
| 944|0x00000007b6000000, 0x00000007b6200000, 0x00000007b6200000|100%| E|CS|TAMS 0x00000007b6000000, 0x00000007b6000000| Complete 
| 945|0x00000007b6200000, 0x00000007b6400000, 0x00000007b6400000|100%| E|CS|TAMS 0x00000007b6200000, 0x00000007b6200000| Complete 
| 946|0x00000007b6400000, 0x00000007b6600000, 0x00000007b6600000|100%| E|CS|TAMS 0x00000007b6400000, 0x00000007b6400000| Complete 
| 947|0x00000007b6600000, 0x00000007b6800000, 0x00000007b6800000|100%| E|CS|TAMS 0x00000007b6600000, 0x00000007b6600000| Complete 
| 948|0x00000007b6800000, 0x00000007b6a00000, 0x00000007b6a00000|100%| E|CS|TAMS 0x00000007b6800000, 0x00000007b6800000| Complete 
| 949|0x00000007b6a00000, 0x00000007b6c00000, 0x00000007b6c00000|100%| E|CS|TAMS 0x00000007b6a00000, 0x00000007b6a00000| Complete 
| 950|0x00000007b6c00000, 0x00000007b6e00000, 0x00000007b6e00000|100%| E|CS|TAMS 0x00000007b6c00000, 0x00000007b6c00000| Complete 
| 951|0x00000007b6e00000, 0x00000007b7000000, 0x00000007b7000000|100%| E|CS|TAMS 0x00000007b6e00000, 0x00000007b6e00000| Complete 
| 952|0x00000007b7000000, 0x00000007b7200000, 0x00000007b7200000|100%| E|CS|TAMS 0x00000007b7000000, 0x00000007b7000000| Complete 
| 953|0x00000007b7200000, 0x00000007b7400000, 0x00000007b7400000|100%| E|CS|TAMS 0x00000007b7200000, 0x00000007b7200000| Complete 
| 954|0x00000007b7400000, 0x00000007b7600000, 0x00000007b7600000|100%| E|CS|TAMS 0x00000007b7400000, 0x00000007b7400000| Complete 
| 955|0x00000007b7600000, 0x00000007b7800000, 0x00000007b7800000|100%| E|CS|TAMS 0x00000007b7600000, 0x00000007b7600000| Complete 
| 956|0x00000007b7800000, 0x00000007b7a00000, 0x00000007b7a00000|100%| E|CS|TAMS 0x00000007b7800000, 0x00000007b7800000| Complete 
| 957|0x00000007b7a00000, 0x00000007b7c00000, 0x00000007b7c00000|100%| E|CS|TAMS 0x00000007b7a00000, 0x00000007b7a00000| Complete 
| 958|0x00000007b7c00000, 0x00000007b7e00000, 0x00000007b7e00000|100%| E|CS|TAMS 0x00000007b7c00000, 0x00000007b7c00000| Complete 
| 959|0x00000007b7e00000, 0x00000007b8000000, 0x00000007b8000000|100%| E|CS|TAMS 0x00000007b7e00000, 0x00000007b7e00000| Complete 
| 960|0x00000007b8000000, 0x00000007b8200000, 0x00000007b8200000|100%| E|CS|TAMS 0x00000007b8000000, 0x00000007b8000000| Complete 
| 961|0x00000007b8200000, 0x00000007b8400000, 0x00000007b8400000|100%| E|CS|TAMS 0x00000007b8200000, 0x00000007b8200000| Complete 
| 962|0x00000007b8400000, 0x00000007b8600000, 0x00000007b8600000|100%| E|CS|TAMS 0x00000007b8400000, 0x00000007b8400000| Complete 
| 963|0x00000007b8600000, 0x00000007b8800000, 0x00000007b8800000|100%| E|CS|TAMS 0x00000007b8600000, 0x00000007b8600000| Complete 
| 964|0x00000007b8800000, 0x00000007b8a00000, 0x00000007b8a00000|100%| E|CS|TAMS 0x00000007b8800000, 0x00000007b8800000| Complete 
| 965|0x00000007b8a00000, 0x00000007b8c00000, 0x00000007b8c00000|100%| E|CS|TAMS 0x00000007b8a00000, 0x00000007b8a00000| Complete 
| 966|0x00000007b8c00000, 0x00000007b8e00000, 0x00000007b8e00000|100%| E|CS|TAMS 0x00000007b8c00000, 0x00000007b8c00000| Complete 
| 967|0x00000007b8e00000, 0x00000007b9000000, 0x00000007b9000000|100%| E|CS|TAMS 0x00000007b8e00000, 0x00000007b8e00000| Complete 
| 968|0x00000007b9000000, 0x00000007b9200000, 0x00000007b9200000|100%| E|CS|TAMS 0x00000007b9000000, 0x00000007b9000000| Complete 
| 969|0x00000007b9200000, 0x00000007b9400000, 0x00000007b9400000|100%| E|CS|TAMS 0x00000007b9200000, 0x00000007b9200000| Complete 
| 970|0x00000007b9400000, 0x00000007b9600000, 0x00000007b9600000|100%| E|CS|TAMS 0x00000007b9400000, 0x00000007b9400000| Complete 
| 971|0x00000007b9600000, 0x00000007b9800000, 0x00000007b9800000|100%| E|CS|TAMS 0x00000007b9600000, 0x00000007b9600000| Complete 
| 972|0x00000007b9800000, 0x00000007b9a00000, 0x00000007b9a00000|100%| E|CS|TAMS 0x00000007b9800000, 0x00000007b9800000| Complete 
| 973|0x00000007b9a00000, 0x00000007b9c00000, 0x00000007b9c00000|100%| E|CS|TAMS 0x00000007b9a00000, 0x00000007b9a00000| Complete 
| 974|0x00000007b9c00000, 0x00000007b9e00000, 0x00000007b9e00000|100%| E|CS|TAMS 0x00000007b9c00000, 0x00000007b9c00000| Complete 
| 975|0x00000007b9e00000, 0x00000007ba000000, 0x00000007ba000000|100%| E|CS|TAMS 0x00000007b9e00000, 0x00000007b9e00000| Complete 
| 976|0x00000007ba000000, 0x00000007ba200000, 0x00000007ba200000|100%| E|CS|TAMS 0x00000007ba000000, 0x00000007ba000000| Complete 
| 977|0x00000007ba200000, 0x00000007ba400000, 0x00000007ba400000|100%| E|CS|TAMS 0x00000007ba200000, 0x00000007ba200000| Complete 
| 978|0x00000007ba400000, 0x00000007ba600000, 0x00000007ba600000|100%| E|CS|TAMS 0x00000007ba400000, 0x00000007ba400000| Complete 
| 979|0x00000007ba600000, 0x00000007ba800000, 0x00000007ba800000|100%| E|CS|TAMS 0x00000007ba600000, 0x00000007ba600000| Complete 
| 980|0x00000007ba800000, 0x00000007baa00000, 0x00000007baa00000|100%| E|CS|TAMS 0x00000007ba800000, 0x00000007ba800000| Complete 
| 981|0x00000007baa00000, 0x00000007bac00000, 0x00000007bac00000|100%| E|CS|TAMS 0x00000007baa00000, 0x00000007baa00000| Complete 
| 982|0x00000007bac00000, 0x00000007bae00000, 0x00000007bae00000|100%| E|CS|TAMS 0x00000007bac00000, 0x00000007bac00000| Complete 
| 983|0x00000007bae00000, 0x00000007bb000000, 0x00000007bb000000|100%| E|CS|TAMS 0x00000007bae00000, 0x00000007bae00000| Complete 
| 984|0x00000007bb000000, 0x00000007bb200000, 0x00000007bb200000|100%| E|CS|TAMS 0x00000007bb000000, 0x00000007bb000000| Complete 
| 985|0x00000007bb200000, 0x00000007bb400000, 0x00000007bb400000|100%| E|CS|TAMS 0x00000007bb200000, 0x00000007bb200000| Complete 
| 986|0x00000007bb400000, 0x00000007bb600000, 0x00000007bb600000|100%| E|CS|TAMS 0x00000007bb400000, 0x00000007bb400000| Complete 
| 987|0x00000007bb600000, 0x00000007bb800000, 0x00000007bb800000|100%| E|CS|TAMS 0x00000007bb600000, 0x00000007bb600000| Complete 
| 988|0x00000007bb800000, 0x00000007bba00000, 0x00000007bba00000|100%| E|CS|TAMS 0x00000007bb800000, 0x00000007bb800000| Complete 
| 989|0x00000007bba00000, 0x00000007bbc00000, 0x00000007bbc00000|100%| E|CS|TAMS 0x00000007bba00000, 0x00000007bba00000| Complete 
| 990|0x00000007bbc00000, 0x00000007bbe00000, 0x00000007bbe00000|100%| E|CS|TAMS 0x00000007bbc00000, 0x00000007bbc00000| Complete 
| 991|0x00000007bbe00000, 0x00000007bc000000, 0x00000007bc000000|100%| E|CS|TAMS 0x00000007bbe00000, 0x00000007bbe00000| Complete 
| 992|0x00000007bc000000, 0x00000007bc200000, 0x00000007bc200000|100%| E|CS|TAMS 0x00000007bc000000, 0x00000007bc000000| Complete 
| 993|0x00000007bc200000, 0x00000007bc400000, 0x00000007bc400000|100%| E|CS|TAMS 0x00000007bc200000, 0x00000007bc200000| Complete 
| 994|0x00000007bc400000, 0x00000007bc600000, 0x00000007bc600000|100%| E|CS|TAMS 0x00000007bc400000, 0x00000007bc400000| Complete 
| 995|0x00000007bc600000, 0x00000007bc800000, 0x00000007bc800000|100%| E|CS|TAMS 0x00000007bc600000, 0x00000007bc600000| Complete 
| 996|0x00000007bc800000, 0x00000007bca00000, 0x00000007bca00000|100%| E|CS|TAMS 0x00000007bc800000, 0x00000007bc800000| Complete 
| 997|0x00000007bca00000, 0x00000007bcc00000, 0x00000007bcc00000|100%| E|CS|TAMS 0x00000007bca00000, 0x00000007bca00000| Complete 
| 998|0x00000007bcc00000, 0x00000007bce00000, 0x00000007bce00000|100%| E|CS|TAMS 0x00000007bcc00000, 0x00000007bcc00000| Complete 
| 999|0x00000007bce00000, 0x00000007bd000000, 0x00000007bd000000|100%| E|CS|TAMS 0x00000007bce00000, 0x00000007bce00000| Complete 
|1000|0x00000007bd000000, 0x00000007bd200000, 0x00000007bd200000|100%| E|CS|TAMS 0x00000007bd000000, 0x00000007bd000000| Complete 
|1001|0x00000007bd200000, 0x00000007bd400000, 0x00000007bd400000|100%| E|CS|TAMS 0x00000007bd200000, 0x00000007bd200000| Complete 
|1002|0x00000007bd400000, 0x00000007bd600000, 0x00000007bd600000|100%| E|CS|TAMS 0x00000007bd400000, 0x00000007bd400000| Complete 
|1003|0x00000007bd600000, 0x00000007bd800000, 0x00000007bd800000|100%| E|CS|TAMS 0x00000007bd600000, 0x00000007bd600000| Complete 
|1004|0x00000007bd800000, 0x00000007bda00000, 0x00000007bda00000|100%| E|CS|TAMS 0x00000007bd800000, 0x00000007bd800000| Complete 
|1005|0x00000007bda00000, 0x00000007bdc00000, 0x00000007bdc00000|100%| E|CS|TAMS 0x00000007bda00000, 0x00000007bda00000| Complete 
|1006|0x00000007bdc00000, 0x00000007bde00000, 0x00000007bde00000|100%| E|CS|TAMS 0x00000007bdc00000, 0x00000007bdc00000| Complete 
|1007|0x00000007bde00000, 0x00000007be000000, 0x00000007be000000|100%| E|CS|TAMS 0x00000007bde00000, 0x00000007bde00000| Complete 
|1008|0x00000007be000000, 0x00000007be200000, 0x00000007be200000|100%| E|CS|TAMS 0x00000007be000000, 0x00000007be000000| Complete 
|1009|0x00000007be200000, 0x00000007be400000, 0x00000007be400000|100%| E|CS|TAMS 0x00000007be200000, 0x00000007be200000| Complete 
|1010|0x00000007be400000, 0x00000007be600000, 0x00000007be600000|100%| E|CS|TAMS 0x00000007be400000, 0x00000007be400000| Complete 
|1011|0x00000007be600000, 0x00000007be800000, 0x00000007be800000|100%| E|CS|TAMS 0x00000007be600000, 0x00000007be600000| Complete 
|1012|0x00000007be800000, 0x00000007bea00000, 0x00000007bea00000|100%| E|CS|TAMS 0x00000007be800000, 0x00000007be800000| Complete 
|1013|0x00000007bea00000, 0x00000007bec00000, 0x00000007bec00000|100%| E|CS|TAMS 0x00000007bea00000, 0x00000007bea00000| Complete 
|1014|0x00000007bec00000, 0x00000007bee00000, 0x00000007bee00000|100%| E|CS|TAMS 0x00000007bec00000, 0x00000007bec00000| Complete 
|1015|0x00000007bee00000, 0x00000007bef160e8, 0x00000007bf000000| 54%| S|CS|TAMS 0x00000007bee00000, 0x00000007bee00000| Complete 
|1016|0x00000007bf000000, 0x00000007bf200000, 0x00000007bf200000|100%| S|CS|TAMS 0x00000007bf000000, 0x00000007bf000000| Complete 
|1017|0x00000007bf200000, 0x00000007bf400000, 0x00000007bf400000|100%| S|CS|TAMS 0x00000007bf200000, 0x00000007bf200000| Complete 
|1018|0x00000007bf400000, 0x00000007bf600000, 0x00000007bf600000|100%| S|CS|TAMS 0x00000007bf400000, 0x00000007bf400000| Complete 
|1019|0x00000007bf600000, 0x00000007bf800000, 0x00000007bf800000|100%| S|CS|TAMS 0x00000007bf600000, 0x00000007bf600000| Complete 
|1020|0x00000007bf800000, 0x00000007bfa00000, 0x00000007bfa00000|100%| E|CS|TAMS 0x00000007bf800000, 0x00000007bf800000| Complete 
|1021|0x00000007bfa00000, 0x00000007bfc00000, 0x00000007bfc00000|100%| E|CS|TAMS 0x00000007bfa00000, 0x00000007bfa00000| Complete 
|1022|0x00000007bfc00000, 0x00000007bfe00000, 0x00000007bfe00000|100%| E|CS|TAMS 0x00000007bfc00000, 0x00000007bfc00000| Complete 

Card table byte_map: [0x000001e3ae980000,0x000001e3aef80000] _byte_map_base: 0x000001e3aaf80000

Marking Bits (Prev, Next): (CMBitMap*) 0x000001e39756f500, (CMBitMap*) 0x000001e39756f540
 Prev Bits: [0x000001e3af580000, 0x000001e3b2580000)
 Next Bits: [0x000001e3b2580000, 0x000001e3b5580000)

Polling page: 0x000001e396cc0000

Metaspace:

Usage:
  Non-class:    200.50 MB used.
      Class:     30.25 MB used.
       Both:    230.75 MB used.

Virtual space:
  Non-class space:      256.00 MB reserved,     202.00 MB ( 79%) committed,  4 nodes.
      Class space:      624.00 MB reserved,      31.69 MB (  5%) committed,  1 nodes.
             Both:      880.00 MB reserved,     233.69 MB ( 27%) committed. 

Chunk freelists:
   Non-Class:  6.00 MB
       Class:  272.00 KB
        Both:  6.27 MB

MaxMetaspaceSize: 768.00 MB
CompressedClassSpaceSize: 624.00 MB
Initial GC threshold: 21.00 MB
Current GC threshold: 350.56 MB
CDS: on
MetaspaceReclaimPolicy: balanced
 - commit_granule_bytes: 65536.
 - commit_granule_words: 8192.
 - virtual_space_node_default_size: 8388608.
 - enlarge_chunks_in_place: 1.
 - new_chunks_are_fully_committed: 0.
 - uncommit_free_chunks: 1.
 - use_allocation_guard: 0.
 - handle_deallocations: 1.


Internal statistics:

num_allocs_failed_limit: 6.
num_arena_births: 4890.
num_arena_deaths: 50.
num_vsnodes_births: 5.
num_vsnodes_deaths: 0.
num_space_committed: 3762.
num_space_uncommitted: 27.
num_chunks_returned_to_freelist: 299.
num_chunks_taken_from_freelist: 16437.
num_chunk_merges: 53.
num_chunk_splits: 10376.
num_chunks_enlarged: 6265.
num_inconsistent_stats: 0.

CodeHeap 'non-profiled nmethods': size=120000Kb used=33027Kb max_used=39760Kb free=86972Kb
 bounds [0x000001e3a6b20000, 0x000001e3a9200000, 0x000001e3ae050000]
CodeHeap 'profiled nmethods': size=120000Kb used=69543Kb max_used=70184Kb free=50456Kb
 bounds [0x000001e39f050000, 0x000001e3a34e0000, 0x000001e3a6580000]
CodeHeap 'non-nmethods': size=5760Kb used=2030Kb max_used=2052Kb free=3729Kb
 bounds [0x000001e3a6580000, 0x000001e3a67f0000, 0x000001e3a6b20000]
 total_blobs=36577 nmethods=35419 adapters=1066
 compilation: enabled
              stopped_count=0, restarted_count=0
 full_count=0

Compilation events (20 events):
Event: 444.129 Thread 0x000001e3e401f6d0 50133       3       org.gradle.internal.serialize.InputStreamBackedDecoder::readLong (8 bytes)
Event: 444.129 Thread 0x000001e3e401f6d0 nmethod 50133 0x000001e3a0053710 code [0x000001e3a00538c0, 0x000001e3a0053a08]
Event: 444.131 Thread 0x000001e3e401cdb0 50134       4       ksp.com.intellij.psi.stubs.MaterialStubList::addStub (25 bytes)
Event: 444.136 Thread 0x000001e3e401f6d0 50135       3       ksp.com.intellij.psi.stubs.StubList::areChildrenNonAdjacent (17 bytes)
Event: 444.136 Thread 0x000001e3e401f6d0 nmethod 50135 0x000001e39f482c90 code [0x000001e39f482e80, 0x000001e39f4835c8]
Event: 444.136 Thread 0x000001e3e401f6d0 50136       3       ksp.com.intellij.psi.stubs.StubList::getParentIndex (18 bytes)
Event: 444.137 Thread 0x000001e3e401f6d0 nmethod 50136 0x000001e3a34de910 code [0x000001e3a34deae0, 0x000001e3a34df168]
Event: 444.254 Thread 0x000001e3e401f6d0 50137       3       ksp.com.intellij.psi.stubs.StubList::tempMap (35 bytes)
Event: 444.254 Thread 0x000001e3e401f6d0 nmethod 50137 0x000001e3a2cc0f90 code [0x000001e3a2cc1160, 0x000001e3a2cc1508]
Event: 444.255 Thread 0x000001e3e401f6d0 50141       2       ksp.com.intellij.psi.stubs.StubList::getStubTypeIndex (12 bytes)
Event: 444.256 Thread 0x000001e3e401f6d0 nmethod 50141 0x000001e39f643990 code [0x000001e39f643b40, 0x000001e39f643ce8]
Event: 444.256 Thread 0x000001e3e401f6d0 50144       3       ksp.com.intellij.psi.stubs.StubList::access$400 (6 bytes)
Event: 444.256 Thread 0x000001e3ead281a0 50139       4       ksp.com.intellij.psi.stubs.StubList::addStub (139 bytes)
Event: 444.257 Thread 0x000001e3e401f6d0 nmethod 50144 0x000001e3a2a27310 code [0x000001e3a2a274e0, 0x000001e3a2a278c8]
Event: 444.257 Thread 0x000001e3e401f6d0 50145       3       ksp.com.intellij.psi.stubs.StubList::canAddToJoinedList (28 bytes)
Event: 444.257 Thread 0x000001e3e401f6d0 nmethod 50145 0x000001e3a34df390 code [0x000001e3a34df560, 0x000001e3a34df908]
Event: 444.294 Thread 0x000001e3e401f6d0 50146       3       ksp.com.intellij.util.BitUtil::isSet (17 bytes)
Event: 444.295 Thread 0x000001e3e401f6d0 nmethod 50146 0x000001e39f482890 code [0x000001e39f482a20, 0x000001e39f482bd8]
Event: 444.295 Thread 0x000001e3e401f6d0 50147       3       ksp.com.intellij.util.BitUtil::assertOneBitMask (28 bytes)
Event: 444.295 Thread 0x000001e3e401f6d0 nmethod 50147 0x000001e39fb11110 code [0x000001e39fb112a0, 0x000001e39fb11398]

GC Heap History (20 events):
Event: 391.646 GC heap before
{Heap before GC invocations=138 (full 0):
 garbage-first heap   total 1099776K, used 526630K [0x0000000740000000, 0x0000000800000000)
  region size 2048K, 28 young (57344K), 27 survivors (55296K)
 Metaspace       used 198032K, committed 200960K, reserved 835584K
  class space    used 26367K, committed 27776K, reserved 638976K
}
Event: 391.690 GC heap after
{Heap after GC invocations=139 (full 0):
 garbage-first heap   total 1099776K, used 517504K [0x0000000740000000, 0x0000000800000000)
  region size 2048K, 2 young (4096K), 2 survivors (4096K)
 Metaspace       used 198032K, committed 200960K, reserved 835584K
  class space    used 26367K, committed 27776K, reserved 638976K
}
Event: 391.805 GC heap before
{Heap before GC invocations=139 (full 0):
 garbage-first heap   total 1099776K, used 535936K [0x0000000740000000, 0x0000000800000000)
  region size 2048K, 13 young (26624K), 2 survivors (4096K)
 Metaspace       used 198176K, committed 201088K, reserved 835584K
  class space    used 26379K, committed 27776K, reserved 638976K
}
Event: 391.812 GC heap after
{Heap after GC invocations=140 (full 0):
 garbage-first heap   total 1099776K, used 516217K [0x0000000740000000, 0x0000000800000000)
  region size 2048K, 2 young (4096K), 2 survivors (4096K)
 Metaspace       used 198176K, committed 201088K, reserved 835584K
  class space    used 26379K, committed 27776K, reserved 638976K
}
Event: 394.800 GC heap before
{Heap before GC invocations=141 (full 0):
 garbage-first heap   total 1099776K, used 893049K [0x0000000740000000, 0x0000000800000000)
  region size 2048K, 185 young (378880K), 2 survivors (4096K)
 Metaspace       used 201058K, committed 203904K, reserved 835584K
  class space    used 26697K, committed 28096K, reserved 638976K
}
Event: 394.920 GC heap after
{Heap after GC invocations=142 (full 0):
 garbage-first heap   total 1099776K, used 649894K [0x0000000740000000, 0x0000000800000000)
  region size 2048K, 24 young (49152K), 24 survivors (49152K)
 Metaspace       used 201058K, committed 203904K, reserved 835584K
  class space    used 26697K, committed 28096K, reserved 638976K
}
Event: 395.015 GC heap before
{Heap before GC invocations=142 (full 0):
 garbage-first heap   total 1099776K, used 653990K [0x0000000740000000, 0x0000000800000000)
  region size 2048K, 26 young (53248K), 24 survivors (49152K)
 Metaspace       used 201058K, committed 203904K, reserved 835584K
  class space    used 26697K, committed 28096K, reserved 638976K
}
Event: 395.090 GC heap after
{Heap after GC invocations=143 (full 0):
 garbage-first heap   total 1099776K, used 644832K [0x0000000740000000, 0x0000000800000000)
  region size 2048K, 4 young (8192K), 4 survivors (8192K)
 Metaspace       used 201058K, committed 203904K, reserved 835584K
  class space    used 26697K, committed 28096K, reserved 638976K
}
Event: 397.676 GC heap before
{Heap before GC invocations=143 (full 0):
 garbage-first heap   total 1099776K, used 849632K [0x0000000740000000, 0x0000000800000000)
  region size 2048K, 105 young (215040K), 4 survivors (8192K)
 Metaspace       used 204754K, committed 207680K, reserved 835584K
  class space    used 27353K, committed 28800K, reserved 638976K
}
Event: 397.728 GC heap after
{Heap after GC invocations=144 (full 0):
 garbage-first heap   total 1099776K, used 687104K [0x0000000740000000, 0x0000000800000000)
  region size 2048K, 14 young (28672K), 14 survivors (28672K)
 Metaspace       used 204754K, committed 207680K, reserved 835584K
  class space    used 27353K, committed 28800K, reserved 638976K
}
Event: 398.707 GC heap before
{Heap before GC invocations=144 (full 0):
 garbage-first heap   total 1400832K, used 840704K [0x0000000740000000, 0x0000000800000000)
  region size 2048K, 103 young (210944K), 14 survivors (28672K)
 Metaspace       used 206364K, committed 209280K, reserved 835584K
  class space    used 27592K, committed 28992K, reserved 638976K
}
Event: 398.739 GC heap after
{Heap after GC invocations=145 (full 0):
 garbage-first heap   total 1400832K, used 673520K [0x0000000740000000, 0x0000000800000000)
  region size 2048K, 7 young (14336K), 7 survivors (14336K)
 Metaspace       used 206364K, committed 209280K, reserved 835584K
  class space    used 27592K, committed 28992K, reserved 638976K
}
Event: 401.164 GC heap before
{Heap before GC invocations=146 (full 0):
 garbage-first heap   total 1400832K, used 1052400K [0x0000000740000000, 0x0000000800000000)
  region size 2048K, 190 young (389120K), 7 survivors (14336K)
 Metaspace       used 211167K, committed 214144K, reserved 835584K
  class space    used 28193K, committed 29632K, reserved 638976K
}
Event: 401.188 GC heap after
{Heap after GC invocations=147 (full 0):
 garbage-first heap   total 1400832K, used 684350K [0x0000000740000000, 0x0000000800000000)
  region size 2048K, 10 young (20480K), 10 survivors (20480K)
 Metaspace       used 211167K, committed 214144K, reserved 835584K
  class space    used 28193K, committed 29632K, reserved 638976K
}
Event: 401.844 GC heap before
{Heap before GC invocations=147 (full 0):
 garbage-first heap   total 1400832K, used 733502K [0x0000000740000000, 0x0000000800000000)
  region size 2048K, 34 young (69632K), 10 survivors (20480K)
 Metaspace       used 211713K, committed 214656K, reserved 835584K
  class space    used 28231K, committed 29632K, reserved 638976K
}
Event: 401.911 GC heap after
{Heap after GC invocations=148 (full 0):
 garbage-first heap   total 1400832K, used 678821K [0x0000000740000000, 0x0000000800000000)
  region size 2048K, 5 young (10240K), 5 survivors (10240K)
 Metaspace       used 211713K, committed 214656K, reserved 835584K
  class space    used 28231K, committed 29632K, reserved 638976K
}
Event: 402.038 GC heap before
{Heap before GC invocations=148 (full 0):
 garbage-first heap   total 1400832K, used 682917K [0x0000000740000000, 0x0000000800000000)
  region size 2048K, 9 young (18432K), 5 survivors (10240K)
 Metaspace       used 211828K, committed 214784K, reserved 835584K
  class space    used 28244K, committed 29696K, reserved 638976K
}
Event: 402.055 GC heap after
{Heap after GC invocations=149 (full 0):
 garbage-first heap   total 2095104K, used 679326K [0x0000000740000000, 0x0000000800000000)
  region size 2048K, 6 young (12288K), 6 survivors (12288K)
 Metaspace       used 211828K, committed 214784K, reserved 835584K
  class space    used 28244K, committed 29696K, reserved 638976K
}
Event: 402.134 GC heap before
{Heap before GC invocations=149 (full 0):
 garbage-first heap   total 2095104K, used 685470K [0x0000000740000000, 0x0000000800000000)
  region size 2048K, 9 young (18432K), 6 survivors (12288K)
 Metaspace       used 211830K, committed 214784K, reserved 835584K
  class space    used 28244K, committed 29696K, reserved 638976K
}
Event: 402.145 GC heap after
{Heap after GC invocations=150 (full 0):
 garbage-first heap   total 2095104K, used 679933K [0x0000000740000000, 0x0000000800000000)
  region size 2048K, 5 young (10240K), 5 survivors (10240K)
 Metaspace       used 211830K, committed 214784K, reserved 835584K
  class space    used 28244K, committed 29696K, reserved 638976K
}

Dll operation events (17 events):
Event: 0.015 Loaded shared library C:\Program Files\Microsoft\jdk-17.0.15.6-hotspot\bin\java.dll
Event: 0.058 Loaded shared library C:\Program Files\Microsoft\jdk-17.0.15.6-hotspot\bin\jsvml.dll
Event: 0.143 Loaded shared library C:\Program Files\Microsoft\jdk-17.0.15.6-hotspot\bin\zip.dll
Event: 0.148 Loaded shared library C:\Program Files\Microsoft\jdk-17.0.15.6-hotspot\bin\instrument.dll
Event: 0.161 Loaded shared library C:\Program Files\Microsoft\jdk-17.0.15.6-hotspot\bin\net.dll
Event: 0.164 Loaded shared library C:\Program Files\Microsoft\jdk-17.0.15.6-hotspot\bin\nio.dll
Event: 0.167 Loaded shared library C:\Program Files\Microsoft\jdk-17.0.15.6-hotspot\bin\zip.dll
Event: 0.622 Loaded shared library C:\Program Files\Microsoft\jdk-17.0.15.6-hotspot\bin\jimage.dll
Event: 0.992 Loaded shared library C:\Program Files\Microsoft\jdk-17.0.15.6-hotspot\bin\verify.dll
Event: 1.050 Loaded shared library C:\Users\sarki\.gradle\native\660c5614fbf4a5f2a75b1949f50a0caf5cd603558e7d8a26e50b933a0cfb79d1\windows-amd64\native-platform.dll
Event: 1.069 Loaded shared library C:\Users\sarki\.gradle\native\0.2.8\x86_64-windows-gnu\gradle-fileevents.dll
Event: 3.412 Loaded shared library C:\Program Files\Microsoft\jdk-17.0.15.6-hotspot\bin\management.dll
Event: 3.415 Loaded shared library C:\Program Files\Microsoft\jdk-17.0.15.6-hotspot\bin\management_ext.dll
Event: 3.779 Loaded shared library C:\Program Files\Microsoft\jdk-17.0.15.6-hotspot\bin\extnet.dll
Event: 4.144 Loaded shared library C:\Program Files\Microsoft\jdk-17.0.15.6-hotspot\bin\sunmscapi.dll
Event: 171.053 Loaded shared library C:\Program Files\Microsoft\jdk-17.0.15.6-hotspot\bin\rmi.dll
Event: 427.052 Loaded shared library C:\Program Files\Microsoft\jdk-17.0.15.6-hotspot\bin\awt.dll

Deoptimization events (20 events):
Event: 443.682 Thread 0x000001e3e7274be0 Uncommon trap: trap_request=0xffffffde fr.pc=0x000001e3a80798e0 relative=0x0000000000000420
Event: 443.682 Thread 0x000001e3e7274be0 Uncommon trap: reason=class_check action=maybe_recompile pc=0x000001e3a80798e0 method=ksp.com.intellij.psi.impl.source.tree.SharedImplUtil.countChildrenOfType(Lksp/com/intellij/lang/ASTNode;Lksp/com/intellij/psi/tree/IElementType;)I @ 21 c2
Event: 443.682 Thread 0x000001e3e7274be0 DEOPT PACKING pc=0x000001e3a80798e0 sp=0x00000045936fc210
Event: 443.682 Thread 0x000001e3e7274be0 DEOPT UNPACKING pc=0x000001e3a65da1a3 sp=0x00000045936fc160 mode 2
Event: 443.730 Thread 0x000001e3e7274be0 Uncommon trap: trap_request=0xffffffc6 fr.pc=0x000001e3a913b0b8 relative=0x0000000000000f58
Event: 443.730 Thread 0x000001e3e7274be0 Uncommon trap: reason=bimorphic_or_optimized_type_check action=maybe_recompile pc=0x000001e3a913b0b8 method=ksp.com.intellij.psi.impl.source.tree.CompositeElement.getPsi()Lksp/com/intellij/psi/PsiElement; @ 15 c2
Event: 443.730 Thread 0x000001e3e7274be0 DEOPT PACKING pc=0x000001e3a913b0b8 sp=0x00000045936fc160
Event: 443.730 Thread 0x000001e3e7274be0 DEOPT UNPACKING pc=0x000001e3a65da1a3 sp=0x00000045936fc138 mode 2
Event: 443.730 Thread 0x000001e3e7274be0 Uncommon trap: trap_request=0xffffffde fr.pc=0x000001e3a9147314 relative=0x00000000000006d4
Event: 443.730 Thread 0x000001e3e7274be0 Uncommon trap: reason=class_check action=maybe_recompile pc=0x000001e3a9147314 method=ksp.com.intellij.psi.impl.source.tree.CompositeElement.createPsiNoLock()Lksp/com/intellij/psi/PsiElement; @ 15 c2
Event: 443.730 Thread 0x000001e3e7274be0 DEOPT PACKING pc=0x000001e3a9147314 sp=0x00000045936fc100
Event: 443.730 Thread 0x000001e3e7274be0 DEOPT UNPACKING pc=0x000001e3a65da1a3 sp=0x00000045936fc0c0 mode 2
Event: 443.734 Thread 0x000001e3e7274be0 Uncommon trap: trap_request=0xffffffde fr.pc=0x000001e3a8e7b5dc relative=0x000000000000033c
Event: 443.734 Thread 0x000001e3e7274be0 Uncommon trap: reason=class_check action=maybe_recompile pc=0x000001e3a8e7b5dc method=ksp.com.intellij.extapi.psi.StubBasedPsiElementBase.<init>(Lksp/com/intellij/lang/ASTNode;)V @ 22 c2
Event: 443.734 Thread 0x000001e3e7274be0 DEOPT PACKING pc=0x000001e3a8e7b5dc sp=0x00000045936fbe50
Event: 443.734 Thread 0x000001e3e7274be0 DEOPT UNPACKING pc=0x000001e3a65da1a3 sp=0x00000045936fbe28 mode 2
Event: 443.932 Thread 0x000001e3e7274be0 Uncommon trap: trap_request=0xffffffde fr.pc=0x000001e3a8f68c64 relative=0x0000000000000964
Event: 443.932 Thread 0x000001e3e7274be0 Uncommon trap: reason=class_check action=maybe_recompile pc=0x000001e3a8f68c64 method=ksp.com.intellij.psi.stubs.StubBase.<init>(Lksp/com/intellij/psi/stubs/StubElement;Lksp/com/intellij/psi/stubs/IStubElementType;)V @ 50 c2
Event: 443.932 Thread 0x000001e3e7274be0 DEOPT PACKING pc=0x000001e3a8f68c64 sp=0x00000045936fb2c0
Event: 443.932 Thread 0x000001e3e7274be0 DEOPT UNPACKING pc=0x000001e3a65da1a3 sp=0x00000045936fb2c0 mode 2

Classes loaded (20 events):
Event: 427.762 Loading class sun/awt/AppContext$2
Event: 427.762 Loading class sun/awt/AppContext$2 done
Event: 427.762 Loading class sun/awt/AppContext$State
Event: 427.762 Loading class sun/awt/AppContext$State done
Event: 427.762 Loading class sun/awt/AppContext$1
Event: 427.762 Loading class sun/awt/AppContext$1 done
Event: 427.763 Loading class java/awt/Queue
Event: 427.763 Loading class java/awt/Queue done
Event: 427.763 Loading class sun/awt/MostRecentKeyValue
Event: 427.768 Loading class sun/awt/MostRecentKeyValue done
Event: 427.768 Loading class sun/awt/PostEventQueue
Event: 427.768 Loading class sun/awt/PostEventQueue done
Event: 429.014 Loading class sun/awt/AppContext$PostShutdownEventRunnable
Event: 429.015 Loading class sun/awt/AppContext$PostShutdownEventRunnable done
Event: 429.015 Loading class sun/awt/AWTAutoShutdown$1
Event: 429.015 Loading class sun/awt/AWTAutoShutdown$1 done
Event: 429.015 Loading class java/awt/AWTEvent$1
Event: 429.015 Loading class sun/awt/AWTAccessor$AWTEventAccessor
Event: 429.016 Loading class sun/awt/AWTAccessor$AWTEventAccessor done
Event: 429.016 Loading class java/awt/AWTEvent$1 done

Classes unloaded (20 events):
Event: 381.021 Thread 0x000001e3b7fea9b0 Unloading class 0x000001e3ba6ceff8 'jdk/internal/jimage/ImageHeader'
Event: 381.021 Thread 0x000001e3b7fea9b0 Unloading class 0x000001e3ba6cedc8 'jdk/internal/jimage/BasicImageReader$2'
Event: 381.021 Thread 0x000001e3b7fea9b0 Unloading class 0x000001e3ba6ceb98 'jdk/internal/jimage/BasicImageReader$1'
Event: 381.021 Thread 0x000001e3b7fea9b0 Unloading class 0x000001e3ba6ce930 'jdk/internal/jimage/ImageReader$Resource'
Event: 381.021 Thread 0x000001e3b7fea9b0 Unloading class 0x000001e3ba6ce6c8 'jdk/internal/jimage/ImageReader$LinkNode'
Event: 381.021 Thread 0x000001e3b7fea9b0 Unloading class 0x000001e3ba6ce460 'jdk/internal/jimage/ImageReader$Directory'
Event: 381.021 Thread 0x000001e3b7fea9b0 Unloading class 0x000001e3ba6ce1f8 'jdk/internal/jimage/ImageReader$Node'
Event: 381.021 Thread 0x000001e3b7fea9b0 Unloading class 0x000001e3ba6ce000 'jdk/internal/jimage/ImageStrings'
Event: 381.021 Thread 0x000001e3b7fea9b0 Unloading class 0x000001e3ba6d7b70 'jdk/internal/jimage/ImageReader$SharedImageReader'
Event: 381.021 Thread 0x000001e3b7fea9b0 Unloading class 0x000001e3ba6d78b0 'jdk/internal/jimage/BasicImageReader'
Event: 381.021 Thread 0x000001e3b7fea9b0 Unloading class 0x000001e3ba6d7690 'jdk/internal/jimage/ImageReader'
Event: 381.021 Thread 0x000001e3b7fea9b0 Unloading class 0x000001e3ba6d7468 'jdk/internal/jrtfs/SystemImage$2'
Event: 381.021 Thread 0x000001e3b7fea9b0 Unloading class 0x000001e3ba8215d8 'jdk/internal/jrtfs/SystemImage$$Lambda$5828+0x000001e3ba8215d8'
Event: 381.021 Thread 0x000001e3b7fea9b0 Unloading class 0x000001e3ba6d7238 'jdk/internal/jrtfs/ExplodedImage'
Event: 381.021 Thread 0x000001e3b7fea9b0 Unloading class 0x000001e3ba6d7000 'jdk/internal/jrtfs/SystemImage$1'
Event: 381.021 Thread 0x000001e3b7fea9b0 Unloading class 0x000001e3ba6ccdd8 'jdk/internal/jrtfs/SystemImage'
Event: 381.021 Thread 0x000001e3b7fea9b0 Unloading class 0x000001e3ba821378 'jdk/internal/jrtfs/JrtFileStore'
Event: 381.021 Thread 0x000001e3b7fea9b0 Unloading class 0x000001e3ba821000 'jdk/internal/jrtfs/JrtPath'
Event: 381.021 Thread 0x000001e3b7fea9b0 Unloading class 0x000001e3ba6ccae0 'jdk/internal/jrtfs/JrtFileSystem'
Event: 381.021 Thread 0x000001e3b7fea9b0 Unloading class 0x000001e3ba6cc800 'jdk/internal/jrtfs/JrtFileSystemProvider'

Classes redefined (0 events):
No events

Internal exceptions (20 events):
Event: 405.430 Thread 0x000001e3e4a5eb30 Exception <a 'sun/nio/fs/WindowsException'{0x00000007aff8c010}> (0x00000007aff8c010) 
thrown [s\src\hotspot\share\prims\jni.cpp, line 516]
Event: 405.438 Thread 0x000001e3e4a5eb30 Exception <a 'sun/nio/fs/WindowsException'{0x00000007affd1fc0}> (0x00000007affd1fc0) 
thrown [s\src\hotspot\share\prims\jni.cpp, line 516]
Event: 405.869 Thread 0x000001e3e7274be0 Implicit null exception at 0x000001e3a8f4ebd0 to 0x000001e3a8f52cb8
Event: 406.248 Thread 0x000001e3e7274be0 Implicit null exception at 0x000001e3a8f590da to 0x000001e3a8f5f748
Event: 406.301 Thread 0x000001e3e7274be0 Implicit null exception at 0x000001e3a8f69d30 to 0x000001e3a8f6f874
Event: 406.738 Thread 0x000001e3e7274be0 Exception <a 'java/lang/NoSuchMethodError'{0x00000007ae4dca80}: 'void java.lang.invoke.DirectMethodHandle$Holder.invokeSpecial(java.lang.Object, java.lang.Object, int, int)'> (0x00000007ae4dca80) 
thrown [s\src\hotspot\share\interpreter\linkResolver.cpp, line 759]
Event: 407.004 Thread 0x000001e3e7274be0 Exception <a 'java/lang/NoSuchMethodError'{0x00000007ac96ef40}: 'int java.lang.invoke.DirectMethodHandle$Holder.invokeSpecial(java.lang.Object, java.lang.Object, int, int)'> (0x00000007ac96ef40) 
thrown [s\src\hotspot\share\interpreter\linkResolver.cpp, line 759]
Event: 409.723 Thread 0x000001e3f3b05470 Implicit null exception at 0x000001e3a7097e31 to 0x000001e3a709877c
Event: 409.728 Thread 0x000001e3f3b05470 Exception <a 'sun/nio/fs/WindowsException'{0x00000007a4997460}> (0x00000007a4997460) 
thrown [s\src\hotspot\share\prims\jni.cpp, line 516]
Event: 412.107 Thread 0x000001e3f3b06dc0 Exception <a 'sun/nio/fs/WindowsException'{0x0000000797072bc0}> (0x0000000797072bc0) 
thrown [s\src\hotspot\share\prims\jni.cpp, line 516]
Event: 412.687 Thread 0x000001e3e726fae0 Exception <a 'sun/nio/fs/WindowsException'{0x0000000796ac9ca8}> (0x0000000796ac9ca8) 
thrown [s\src\hotspot\share\prims\jni.cpp, line 516]
Event: 419.380 Thread 0x000001e3e4a5eb30 Exception <a 'sun/nio/fs/WindowsException'{0x0000000794202f48}> (0x0000000794202f48) 
thrown [s\src\hotspot\share\prims\jni.cpp, line 516]
Event: 422.516 Thread 0x000001e3e4a5d1e0 Exception <a 'sun/nio/fs/WindowsException'{0x00000007b521f5e0}> (0x00000007b521f5e0) 
thrown [s\src\hotspot\share\prims\jni.cpp, line 516]
Event: 422.539 Thread 0x000001e3e4a5b380 Exception <a 'sun/nio/fs/WindowsException'{0x00000007921dc228}> (0x00000007921dc228) 
thrown [s\src\hotspot\share\prims\jni.cpp, line 516]
Event: 422.546 Thread 0x000001e3e4a5b380 Exception <a 'sun/nio/fs/WindowsException'{0x00000007921dfe08}> (0x00000007921dfe08) 
thrown [s\src\hotspot\share\prims\jni.cpp, line 516]
Event: 422.606 Thread 0x000001e3e4a5b380 Exception <a 'sun/nio/fs/WindowsException'{0x0000000791f8e490}> (0x0000000791f8e490) 
thrown [s\src\hotspot\share\prims\jni.cpp, line 516]
Event: 426.938 Thread 0x000001e3e7274be0 Exception <a 'java/lang/ClassNotFoundException'{0x000000078ff2aed0}: sun/awt/resources/spi/awtProvider> (0x000000078ff2aed0) 
thrown [s\src\hotspot\share\classfile\systemDictionary.cpp, line 256]
Event: 427.064 Thread 0x000001e3e7274be0 Exception <a 'java/io/FileNotFoundException'{0x000000078ff314d0}> (0x000000078ff314d0) 
thrown [s\src\hotspot\share\prims\jni.cpp, line 516]
Event: 427.065 Thread 0x000001e3e7274be0 Exception <a 'java/io/FileNotFoundException'{0x000000078ff32ca8}> (0x000000078ff32ca8) 
thrown [s\src\hotspot\share\prims\jni.cpp, line 516]
Event: 443.605 Thread 0x000001e3e7274be0 Exception <a 'java/lang/NoSuchMethodError'{0x000000078b11e060}: 'int java.lang.invoke.DirectMethodHandle$Holder.invokeStatic(java.lang.Object, java.lang.Object, java.lang.Object, java.lang.Object, java.lang.Object, java.lang.Object)'> (0x000000078b11e060) 
thrown [s\src\hotspot\share\interpreter\linkResolver.cpp, line 759]

VM Operations (20 events):
Event: 443.322 Executing VM operation: HandshakeAllThreads
Event: 443.322 Executing VM operation: HandshakeAllThreads done
Event: 443.450 Executing VM operation: HandshakeAllThreads
Event: 443.451 Executing VM operation: HandshakeAllThreads done
Event: 443.618 Executing VM operation: HandshakeAllThreads
Event: 443.619 Executing VM operation: HandshakeAllThreads done
Event: 443.695 Executing VM operation: HandshakeAllThreads
Event: 443.695 Executing VM operation: HandshakeAllThreads done
Event: 443.942 Executing VM operation: HandshakeAllThreads
Event: 443.943 Executing VM operation: HandshakeAllThreads done
Event: 443.943 Executing VM operation: Cleanup
Event: 443.943 Executing VM operation: Cleanup done
Event: 444.084 Executing VM operation: HandshakeAllThreads
Event: 444.084 Executing VM operation: HandshakeAllThreads done
Event: 444.084 Executing VM operation: HandshakeAllThreads
Event: 444.085 Executing VM operation: HandshakeAllThreads done
Event: 444.383 Executing VM operation: HandshakeAllThreads
Event: 444.394 Executing VM operation: HandshakeAllThreads done
Event: 444.396 Executing VM operation: HandshakeAllThreads
Event: 444.396 Executing VM operation: HandshakeAllThreads done

Memory protections (0 events):
No events

Nmethod flushes (20 events):
Event: 444.418 Thread 0x000001e3e401ffe0 flushing  nmethod 0x000001e3a8c8a890
Event: 444.419 Thread 0x000001e3e401ffe0 flushing  nmethod 0x000001e3a8df2a90
Event: 444.419 Thread 0x000001e3e401ffe0 flushing  nmethod 0x000001e3a8df5b90
Event: 444.419 Thread 0x000001e3e401ffe0 flushing  nmethod 0x000001e3a8f6a310
Event: 444.420 Thread 0x000001e3e401ffe0 flushing  nmethod 0x000001e3a8ff8790
Event: 444.420 Thread 0x000001e3e401ffe0 flushing  nmethod 0x000001e3a9009c10
Event: 444.420 Thread 0x000001e3e401ffe0 flushing osr nmethod 0x000001e3a90aab90
Event: 444.420 Thread 0x000001e3e401ffe0 flushing  nmethod 0x000001e3a9110290
Event: 444.421 Thread 0x000001e3e401ffe0 flushing  nmethod 0x000001e39f129790
Event: 444.422 Thread 0x000001e3e401ffe0 flushing  nmethod 0x000001e39f1b0e90
Event: 444.422 Thread 0x000001e3e401ffe0 flushing  nmethod 0x000001e39f1fcf90
Event: 444.424 Thread 0x000001e3e401ffe0 flushing  nmethod 0x000001e39f395e10
Event: 444.425 Thread 0x000001e3e401ffe0 flushing  nmethod 0x000001e39f40a410
Event: 444.427 Thread 0x000001e3e401ffe0 flushing  nmethod 0x000001e39f5dcb10
Event: 444.427 Thread 0x000001e3e401ffe0 flushing  nmethod 0x000001e39f5de210
Event: 444.427 Thread 0x000001e3e401ffe0 flushing  nmethod 0x000001e39f5e1110
Event: 444.428 Thread 0x000001e3e401ffe0 flushing  nmethod 0x000001e39f71ca10
Event: 444.431 Thread 0x000001e3e401ffe0 flushing  nmethod 0x000001e39f947510
Event: 444.436 Thread 0x000001e3e401ffe0 flushing  nmethod 0x000001e39fe25410
Event: 444.436 Thread 0x000001e3e401ffe0 flushing  nmethod 0x000001e39fe72590

Events (20 events):
Event: 414.549 Thread 0x000001e3e401f6d0 Thread added: 0x000001e3f92d4a20
Event: 416.333 Thread 0x000001e3f92d4a20 Thread exited: 0x000001e3f92d4a20
Event: 417.932 Thread 0x000001e3e7274be0 Thread added: 0x000001e3eacb5730
Event: 418.100 Thread 0x000001e3e7274be0 Thread added: 0x000001e3eacb1f80
Event: 421.075 Thread 0x000001e3e401cdb0 Thread added: 0x000001e3f42ff5d0
Event: 421.702 Thread 0x000001e3f3afb270 Thread exited: 0x000001e3f3afb270
Event: 422.004 Thread 0x000001e3f42ff5d0 Thread exited: 0x000001e3f42ff5d0
Event: 422.714 Thread 0x000001e3e401cdb0 Thread added: 0x000001e3f42ff5d0
Event: 423.099 Thread 0x000001e3f42ff5d0 Thread exited: 0x000001e3f42ff5d0
Event: 425.280 Thread 0x000001e3e401f6d0 Thread added: 0x000001e3fab37d30
Event: 425.619 Thread 0x000001e3f3b072d0 Thread exited: 0x000001e3f3b072d0
Event: 426.249 Thread 0x000001e3e97184a0 Thread exited: 0x000001e3e97184a0
Event: 426.366 Thread 0x000001e3fab37d30 Thread exited: 0x000001e3fab37d30
Event: 427.612 Thread 0x000001e3e7274be0 Thread added: 0x000001e3f3afe000
Event: 427.616 Thread 0x000001e3e7274be0 Thread added: 0x000001e3f3b01cc0
Event: 427.621 Thread 0x000001e3e7274be0 Thread added: 0x000001e3f3b04540
Event: 427.780 Thread 0x000001e3f3b00d90 Thread exited: 0x000001e3f3b00d90
Event: 429.016 Thread 0x000001e3f3b01cc0 Thread exited: 0x000001e3f3b01cc0
Event: 433.462 Thread 0x000001e3f3b07cf0 Thread exited: 0x000001e3f3b07cf0
Event: 444.256 Thread 0x000001e3e401f6d0 Thread added: 0x000001e3ead281a0


Dynamic libraries:
0x00007ff760e50000 - 0x00007ff760e5e000 	C:\Program Files\Microsoft\jdk-17.0.15.6-hotspot\bin\java.exe
0x00007fff6ed60000 - 0x00007fff6efc6000 	C:\WINDOWS\SYSTEM32\ntdll.dll
0x00007fff6d5e0000 - 0x00007fff6d6a9000 	C:\WINDOWS\System32\KERNEL32.DLL
0x00007fff6c5a0000 - 0x00007fff6c99e000 	C:\WINDOWS\System32\KERNELBASE.dll
0x00007fff6c2f0000 - 0x00007fff6c43c000 	C:\WINDOWS\System32\ucrtbase.dll
0x00007fff33e30000 - 0x00007fff33e47000 	C:\Program Files\Microsoft\jdk-17.0.15.6-hotspot\bin\jli.dll
0x00007fff3ea20000 - 0x00007fff3ea3d000 	C:\Program Files\Microsoft\jdk-17.0.15.6-hotspot\bin\VCRUNTIME140.dll
0x00007fff6e7d0000 - 0x00007fff6e997000 	C:\WINDOWS\System32\USER32.dll
0x00007fff6c9b0000 - 0x00007fff6c9d7000 	C:\WINDOWS\System32\win32u.dll
0x00007fff52af0000 - 0x00007fff52d82000 	C:\WINDOWS\WinSxS\amd64_microsoft.windows.common-controls_6595b64144ccf1df_6.0.26100.8875_none_3e0d5d42e32fe9dd\COMCTL32.dll
0x00007fff6eb30000 - 0x00007fff6eb5b000 	C:\WINDOWS\System32\GDI32.dll
0x00007fff6dde0000 - 0x00007fff6de89000 	C:\WINDOWS\System32\msvcrt.dll
0x00007fff6c040000 - 0x00007fff6c16a000 	C:\WINDOWS\System32\gdi32full.dll
0x00007fff6c9e0000 - 0x00007fff6ca83000 	C:\WINDOWS\System32\msvcp_win.dll
0x00007fff6cc40000 - 0x00007fff6cc72000 	C:\WINDOWS\System32\IMM32.DLL
0x00007fff665c0000 - 0x00007fff665cc000 	C:\Program Files\Microsoft\jdk-17.0.15.6-hotspot\bin\vcruntime140_1.dll
0x00007ffef8de0000 - 0x00007ffef8e6d000 	C:\Program Files\Microsoft\jdk-17.0.15.6-hotspot\bin\msvcp140.dll
0x00007ffef2d30000 - 0x00007ffef39a2000 	C:\Program Files\Microsoft\jdk-17.0.15.6-hotspot\bin\server\jvm.dll
0x00007fff6d0c0000 - 0x00007fff6d177000 	C:\WINDOWS\System32\ADVAPI32.dll
0x00007fff6d010000 - 0x00007fff6d0ba000 	C:\WINDOWS\System32\sechost.dll
0x00007fff6e6b0000 - 0x00007fff6e7c8000 	C:\WINDOWS\System32\RPCRT4.dll
0x00007fff6d450000 - 0x00007fff6d4d0000 	C:\WINDOWS\System32\WS2_32.dll
0x00007fff55320000 - 0x00007fff55356000 	C:\WINDOWS\SYSTEM32\WINMM.dll
0x00007fff6bde0000 - 0x00007fff6be3e000 	C:\WINDOWS\SYSTEM32\POWRPROF.dll
0x00007fff591a0000 - 0x00007fff591ab000 	C:\WINDOWS\SYSTEM32\VERSION.dll
0x00007fff6bdc0000 - 0x00007fff6bdd4000 	C:\WINDOWS\SYSTEM32\UMPDC.dll
0x00007fff6ac40000 - 0x00007fff6ac5b000 	C:\WINDOWS\SYSTEM32\kernel.appcore.dll
0x00007fff66460000 - 0x00007fff6646a000 	C:\Program Files\Microsoft\jdk-17.0.15.6-hotspot\bin\jimage.dll
0x00007fff69730000 - 0x00007fff69972000 	C:\WINDOWS\SYSTEM32\DBGHELP.DLL
0x00007fff6cc80000 - 0x00007fff6d003000 	C:\WINDOWS\System32\combase.dll
0x00007fff6d500000 - 0x00007fff6d5d9000 	C:\WINDOWS\System32\OLEAUT32.dll
0x00007fff49f10000 - 0x00007fff49f4b000 	C:\WINDOWS\SYSTEM32\dbgcore.DLL
0x00007fff6c4e0000 - 0x00007fff6c58c000 	C:\WINDOWS\System32\bcryptPrimitives.dll
0x00007fff5bab0000 - 0x00007fff5babe000 	C:\Program Files\Microsoft\jdk-17.0.15.6-hotspot\bin\instrument.dll
0x00007fff33c50000 - 0x00007fff33c75000 	C:\Program Files\Microsoft\jdk-17.0.15.6-hotspot\bin\java.dll
0x00007ffef8b30000 - 0x00007ffef8c06000 	C:\Program Files\Microsoft\jdk-17.0.15.6-hotspot\bin\jsvml.dll
0x00007fff6de90000 - 0x00007fff6e622000 	C:\WINDOWS\System32\SHELL32.dll
0x00007fff699e0000 - 0x00007fff6a272000 	C:\WINDOWS\SYSTEM32\windows.storage.dll
0x00007fff6ea30000 - 0x00007fff6eb27000 	C:\WINDOWS\System32\SHCORE.dll
0x00007fff6e9a0000 - 0x00007fff6ea07000 	C:\WINDOWS\System32\shlwapi.dll
0x00007fff6bea0000 - 0x00007fff6bec9000 	C:\WINDOWS\SYSTEM32\profapi.dll
0x00007fff2c480000 - 0x00007fff2c498000 	C:\Program Files\Microsoft\jdk-17.0.15.6-hotspot\bin\zip.dll
0x00007fff33e10000 - 0x00007fff33e2a000 	C:\Program Files\Microsoft\jdk-17.0.15.6-hotspot\bin\net.dll
0x00007fff5b900000 - 0x00007fff5ba27000 	C:\WINDOWS\SYSTEM32\WINHTTP.dll
0x00007fff6b1f0000 - 0x00007fff6b25c000 	C:\WINDOWS\system32\mswsock.dll
0x00007fff2e160000 - 0x00007fff2e176000 	C:\Program Files\Microsoft\jdk-17.0.15.6-hotspot\bin\nio.dll
0x00007fff479f0000 - 0x00007fff47a00000 	C:\Program Files\Microsoft\jdk-17.0.15.6-hotspot\bin\verify.dll
0x00007fff47a00000 - 0x00007fff47a27000 	C:\Users\sarki\.gradle\native\660c5614fbf4a5f2a75b1949f50a0caf5cd603558e7d8a26e50b933a0cfb79d1\windows-amd64\native-platform.dll
0x00007fff478a0000 - 0x00007fff47917000 	C:\Users\sarki\.gradle\native\0.2.8\x86_64-windows-gnu\gradle-fileevents.dll
0x00007fff55820000 - 0x00007fff5582a000 	C:\Program Files\Microsoft\jdk-17.0.15.6-hotspot\bin\management.dll
0x00007fff4bb90000 - 0x00007fff4bb9b000 	C:\Program Files\Microsoft\jdk-17.0.15.6-hotspot\bin\management_ext.dll
0x00007fff6ea10000 - 0x00007fff6ea18000 	C:\WINDOWS\System32\PSAPI.DLL
0x00007fff6a5e0000 - 0x00007fff6a613000 	C:\WINDOWS\SYSTEM32\IPHLPAPI.DLL
0x00007fff6ea20000 - 0x00007fff6ea2a000 	C:\WINDOWS\System32\NSI.dll
0x00007fff5f050000 - 0x00007fff5f06d000 	C:\WINDOWS\SYSTEM32\dhcpcsvc6.DLL
0x00007fff5f020000 - 0x00007fff5f045000 	C:\WINDOWS\SYSTEM32\dhcpcsvc.DLL
0x00007fff6a620000 - 0x00007fff6a776000 	C:\WINDOWS\SYSTEM32\DNSAPI.dll
0x00007fff6aff0000 - 0x00007fff6affd000 	C:\WINDOWS\SYSTEM32\DSPARSE.dll
0x00007fff4b1b0000 - 0x00007fff4b1b9000 	C:\Program Files\Microsoft\jdk-17.0.15.6-hotspot\bin\extnet.dll
0x00007fff6b510000 - 0x00007fff6b52b000 	C:\WINDOWS\SYSTEM32\CRYPTSP.dll
0x00007fff6ab90000 - 0x00007fff6abc9000 	C:\WINDOWS\system32\rsaenh.dll
0x00007fff6b2d0000 - 0x00007fff6b302000 	C:\WINDOWS\SYSTEM32\USERENV.dll
0x00007fff6be70000 - 0x00007fff6be9a000 	C:\WINDOWS\SYSTEM32\bcrypt.dll
0x00007fff6b530000 - 0x00007fff6b53c000 	C:\WINDOWS\SYSTEM32\CRYPTBASE.dll
0x00007fff5baa0000 - 0x00007fff5baae000 	C:\Program Files\Microsoft\jdk-17.0.15.6-hotspot\bin\sunmscapi.dll
0x00007fff6c170000 - 0x00007fff6c2e8000 	C:\WINDOWS\System32\CRYPT32.dll
0x00007fff6b750000 - 0x00007fff6b780000 	C:\WINDOWS\SYSTEM32\ncrypt.dll
0x00007fff6b700000 - 0x00007fff6b73f000 	C:\WINDOWS\SYSTEM32\NTASN1.dll
0x00007fff00130000 - 0x00007fff00138000 	C:\WINDOWS\system32\wshunix.dll
0x00007fff6ad70000 - 0x00007fff6ada6000 	C:\WINDOWS\SYSTEM32\ntmarta.dll
0x00007fff53890000 - 0x00007fff53897000 	C:\Program Files\Microsoft\jdk-17.0.15.6-hotspot\bin\rmi.dll
0x00007fff40900000 - 0x00007fff40a90000 	C:\Program Files\Microsoft\jdk-17.0.15.6-hotspot\bin\awt.dll
0x00007fff687c0000 - 0x00007fff68860000 	C:\WINDOWS\SYSTEM32\apphelp.dll
0x00007fff68a00000 - 0x00007fff68aa9000 	C:\WINDOWS\system32\uxtheme.dll
0x00007fff6eb60000 - 0x00007fff6ecbd000 	C:\WINDOWS\System32\MSCTF.dll
0x00007fff6db40000 - 0x00007fff6dcd9000 	C:\WINDOWS\System32\ole32.dll

dbghelp: loaded successfully - version: 4.0.5 - missing functions: none
symbol engine: initialized successfully - sym options: 0x614 - pdb path: .;C:\Program Files\Microsoft\jdk-17.0.15.6-hotspot\bin;C:\WINDOWS\SYSTEM32;C:\WINDOWS\WinSxS\amd64_microsoft.windows.common-controls_6595b64144ccf1df_6.0.26100.8875_none_3e0d5d42e32fe9dd;C:\Program Files\Microsoft\jdk-17.0.15.6-hotspot\bin\server;C:\Users\sarki\.gradle\native\660c5614fbf4a5f2a75b1949f50a0caf5cd603558e7d8a26e50b933a0cfb79d1\windows-amd64;C:\Users\sarki\.gradle\native\0.2.8\x86_64-windows-gnu

VM Arguments:
jvm_args: --add-opens=java.base/java.lang=ALL-UNNAMED --add-opens=java.base/java.lang.invoke=ALL-UNNAMED --add-opens=java.base/java.util=ALL-UNNAMED --add-opens=java.prefs/java.util.prefs=ALL-UNNAMED --add-exports=jdk.compiler/com.sun.tools.javac.api=ALL-UNNAMED --add-exports=jdk.compiler/com.sun.tools.javac.util=ALL-UNNAMED --add-opens=java.base/java.util=ALL-UNNAMED --add-opens=java.prefs/java.util.prefs=ALL-UNNAMED --add-opens=java.base/java.nio.charset=ALL-UNNAMED --add-opens=java.base/java.net=ALL-UNNAMED --add-opens=java.base/java.util.concurrent=ALL-UNNAMED --add-opens=java.base/java.util.concurrent.atomic=ALL-UNNAMED --add-opens=java.xml/javax.xml.namespace=ALL-UNNAMED --add-opens=java.base/java.time=ALL-UNNAMED -XX:MaxMetaspaceSize=768m -Xmx3072m -Dfile.encoding=windows-1252 -Duser.country=IN -Duser.language=en -Duser.variant -javaagent:C:\Users\sarki\.gradle\wrapper\dists\gradle-9.3.1-bin\23ovyewtku6u96viwx3xl3oks\gradle-9.3.1\lib\agents\gradle-instrumentation-agent-9.3.1.jar 
java_command: org.gradle.launcher.daemon.bootstrap.GradleDaemon 9.3.1
java_class_path (initial): C:\Users\sarki\.gradle\wrapper\dists\gradle-9.3.1-bin\23ovyewtku6u96viwx3xl3oks\gradle-9.3.1\lib\gradle-daemon-main-9.3.1.jar
Launcher Type: SUN_STANDARD

[Global flags]
     intx CICompilerCount                          = 4                                         {product} {ergonomic}
   size_t CompressedClassSpaceSize                 = 654311424                                 {product} {ergonomic}
     uint ConcGCThreads                            = 2                                         {product} {ergonomic}
     uint G1ConcRefinementThreads                  = 8                                         {product} {ergonomic}
   size_t G1HeapRegionSize                         = 2097152                                   {product} {ergonomic}
    uintx GCDrainStackTargetSize                   = 64                                        {product} {ergonomic}
   size_t InitialHeapSize                          = 266338304                                 {product} {ergonomic}
   size_t MarkStackSize                            = 4194304                                   {product} {ergonomic}
   size_t MaxHeapSize                              = 3221225472                                {product} {command line}
   size_t MaxMetaspaceSize                         = 805306368                                 {product} {command line}
   size_t MaxNewSize                               = 1931476992                                {product} {ergonomic}
   size_t MinHeapDeltaBytes                        = 2097152                                   {product} {ergonomic}
   size_t MinHeapSize                              = 8388608                                   {product} {ergonomic}
    uintx NonNMethodCodeHeapSize                   = 5839372                                {pd product} {ergonomic}
    uintx NonProfiledCodeHeapSize                  = 122909434                              {pd product} {ergonomic}
    uintx ProfiledCodeHeapSize                     = 122909434                              {pd product} {ergonomic}
    uintx ReservedCodeCacheSize                    = 251658240                              {pd product} {ergonomic}
     bool SegmentedCodeCache                       = true                                      {product} {ergonomic}
   size_t SoftMaxHeapSize                          = 3221225472                             {manageable} {ergonomic}
     bool UseCompressedClassPointers               = true                           {product lp64_product} {ergonomic}
     bool UseCompressedOops                        = true                           {product lp64_product} {ergonomic}
     bool UseG1GC                                  = true                                      {product} {ergonomic}
     bool UseLargePagesIndividualAllocation        = false                                  {pd product} {ergonomic}

Logging:
Log output configuration:
 #0: stdout all=warning uptime,level,tags
 #1: stderr all=off uptime,level,tags

Environment Variables:
JAVA_HOME=C:\Program Files\Microsoft\jdk-17.0.15.6-hotspot\
PATH=D:\Personal\ExpenseFlow\node_modules\.bin;D:\Personal\node_modules\.bin;D:\node_modules\.bin;C:\Users\sarki\AppData\Roaming\nvm\v20.15.0\node_modules\npm\node_modules\@npmcli\run-script\lib\node-gyp-bin;C:\Users\sarki\google-cloud-sdk\bin;C:\Users\sarki\bin;C:\Program Files\Git\mingw64\bin;C:\Program Files\Git\usr\local\bin;C:\Program Files\Git\usr\bin;C:\Program Files\Git\usr\bin;C:\Program Files\Git\mingw64\bin;C:\Program Files\Git\usr\bin;C:\Users\sarki\bin;C:\Program Files\Microsoft\jdk-17.0.15.6-hotspot\bin;C:\Program Files\Python311\Scripts;C:\Program Files\Python311;C:\WINDOWS\system32;C:\WINDOWS;C:\WINDOWS\System32\Wbem;C:\WINDOWS\System32\WindowsPowerShell\v1.0;C:\WINDOWS\System32\OpenSSH;C:\Program Files\Git\cmd;C:\Program Files\dotnet;C:\Users\sarki\AppData\Roaming\nvm;C:\Program Files\nodejs;C:\ProgramData\chocolatey\bin;C:\Program Files\nodejs;C:\Program Files\MySQL\MySQL Server 8.0\bin;C:\Program Files (x86)\PDFtk\bin;C:\Program Files\PostgreSQL\16\bin;C:\Program Files\Amazon\AWSCLIV2;C:\Program Files\Docker\Docker\resources\bin;C:\Users\sarki\scoop\shims;C:\Users\sarki\.amplify\bin;C:\Users\sarki\AppData\Local\Microsoft\WindowsApps;C:\Users\sarki\AppData\Local\Programs\Microsoft VS Code\bin;C:\Users\sarki\AppData\Local\Programs\Hyper\resources\bin;C:\Program Files (x86)\twilio-cli\bin;C:\Users\sarki\AppData\Roaming\nvm;C:\Program Files\nodejs;C:\Users\sarki\AppData\Roaming\npm;C:\Users\sarki\AppData\Local\Android\Sdk\platform-tools;C:\Users\sarki\AppData\Local\Programs\Antigravity IDE\bin;C:\Program Files\Git\usr\bin\vendor_perl;C:\Program Files\Git\usr\bin\core_perl
USERNAME=sarki
SHELL=C:\Program Files\Git\usr\bin\bash.exe
DISPLAY=needs-to-be-defined
LANG=en_US.UTF-8
TERM=xterm-256color
TMPDIR=C:\Users\sarki\AppData\Local\Temp
OS=Windows_NT
PROCESSOR_IDENTIFIER=Intel64 Family 6 Model 140 Stepping 1, GenuineIntel
TMP=C:\Users\sarki\AppData\Local\Temp
TEMP=C:\Users\sarki\AppData\Local\Temp



Periodic native trim disabled


---------------  S Y S T E M  ---------------

OS:
 Windows 11 , 64 bit Build 26100 (10.0.26100.8875)
OS uptime: 0 days 4:27 hours
Hyper-V role detected

CPU: total 8 (initial active 8) (4 cores per cpu, 2 threads per core) family 6 model 140 stepping 1 microcode 0x8a, cx8, cmov, fxsr, ht, mmx, 3dnowpref, sse, sse2, sse3, ssse3, sse4.1, sse4.2, popcnt, lzcnt, tsc, tscinvbit, avx, avx2, aes, erms, clmul, bmi1, bmi2, adx, avx512f, avx512dq, avx512cd, avx512bw, avx512vl, sha, fma, vzeroupper, avx512_vpopcntdq, avx512_vpclmulqdq, avx512_vaes, avx512_vnni, clflush, clflushopt, clwb, avx512_vbmi2, avx512_vbmi, hv
Processor Information for the first 8 processors :
  Max Mhz: 3110, Current Mhz: 3110, Mhz Limit: 3110

Memory: 4k page, system-wide physical 16167M (450M free)
TotalPageFile size 31210M (AvailPageFile size 1M)
current process WorkingSet (physical memory assigned to process): 2404M, peak: 2405M
current process commit charge ("private bytes"): 2838M, peak: 2841M

vm_info: OpenJDK 64-Bit Server VM (17.0.15+6-LTS) for windows-amd64 JRE (17.0.15+6-LTS), built on Apr  9 2025 22:27:25 by "MicrosoftCorporation" with unknown MS VC++:1939

END.
